Project: Harmful Algal Blooms,,,,,,,,,,,,,,,,,,,,,,,,,,,,,,,
Calibrated: No,,,,,,,,,,,,,,,,,,,,,,,,,,,,,,,
Requested start: 2008-08-15 18:15:00,,,,,,,,,,,,,,,,,,,,,,,,,,,,,,,
Requested end: 2016-11-28 17:16:00,,,,,,,,,,,,,,,,,,,,,,,,,,,,,,,
"Request time: Mon, 28 Nov 2016 17:16:26 +0000",,,,,,,,,,,,,,,,,,,,,,,,,,,,,,,
Other Notes: All times provided in UTC,,,,,,,,,,,,,,,,,,,,,,,,,,,,,,,
,,,,,,,,,,,,,,,,,,,,,,,,,,,,,,,
year,month,day,time,latitude,longitude,depth (m),location,Akashiwo sanguinea (cells/L),Alexandrium spp. (cells/L),Ammonia (uM),Chlorophyll (mg/m3),Chlorophyll 1 (mg/m3),Chlorophyll 2 (mg/m3),DA Volume Filtered (mL),Dinophysis spp. (cells/L),Domoic Acid (ng/mL),Lingulodinium polyedrum (cells/L),Nitrate (uM),Nitrite (uM),Other Diatoms (cells/L),Other Dinoflagellates (cells/L),Phaeophytin (mg/m3),Phaeophytin 1 (mg/m3),Phaeophytin 2 (mg/m3),Phosphate (uM),Prorocentrum spp. (cells/L),Pseudo-nitzschia delicatissima group (cells/L),Pseudo-nitzschia seriata group (cells/L),Silicate (uM),Volume Settled for counting (mL),Water Temperature (°C)
2008,8,15,18:15:00,35.17,-120.741,0,Cal Poly Pier,3199,9596,NaN,4.19,4.2,4.18,250,0,NaN,0,NaN,NaN,30922,29856,1.41,1.22,1.6,NaN,30922,0,3199,NaN,25,14.9
2008,8,19,16:00:00,35.17,-120.741,0,Cal Poly Pier,2133,0,NaN,7.74,8.15,7.33,250,0,NaN,1066,NaN,NaN,0,0,1.81,2.08,1.54,NaN,21326,24524,41585,NaN,25,15.5
2008,8,26,21:50:00,35.17,-120.741,0,Cal Poly Pier,0,2133,NaN,7.39,7.51,7.26,250,0,NaN,0,NaN,NaN,187665,106628,0.94,0.94,0.95,NaN,8530,38386,8530,NaN,25,17.8
2008,9,2,16:00:00,35.17,-120.741,0,Cal Poly Pier,12795,0,NaN,12.38,14.13,10.62,175,6398,NaN,4265,NaN,NaN,181267,194062,2.13,2.46,1.8,NaN,379594,0,0,NaN,25,16
2008,9,8,16:20:00,35.17,-120.741,0,Cal Poly Pier,4265,10663,NaN,24.21,23.96,24.46,175,14928,NaN,2133,NaN,NaN,12795,264437,2.1,1.99,2.21,NaN,292160,17060,4265,NaN,25,16.3
2008,9,16,18:44:00,35.17,-120.741,0,Cal Poly Pier,17060,12795,35.6,NaN,NaN,NaN,95,14928,NaN,0,0.02,0.17,17060,1720970,NaN,NaN,NaN,2.95,27723,0,0,116,25,15.5
2008,9,22,16:15:00,35.17,-120.741,0,Cal Poly Pier,4265,0,0.2,28.83,31.5,26.16,150,2133,NaN,0,6.04,0.74,76772,452101,-0.27,-0.21,-0.33,1.34,8530,21326,6398,90.37,25,14.1
2008,9,29,18:57:00,35.17,-120.741,0,Cal Poly Pier,0,0,0.62,25,28.91,21.09,150,0,NaN,0,0.79,0.32,2133,155676,2.32,1.28,3.35,0.26,21326,0,0,74.67,25,15.3
2008,10,2,15:15:00,35.17,-120.741,0,Cal Poly Pier,0,0,NaN,NaN,NaN,NaN,NaN,2133,NaN,0,NaN,NaN,0,130086,NaN,NaN,NaN,NaN,10663,0,0,NaN,25,16
2008,10,6,15:43:00,35.17,-120.741,0,Cal Poly Pier,2133,0,1.19,10.01,9.87,10.15,150,4265,NaN,0,2,0.23,6398,72507,0.17,0.04,0.3,0.53,49049,0,0,70.73,25,14.3
2008,10,9,15:44:00,35.17,-120.741,0,Cal Poly Pier,2133,0,NaN,NaN,NaN,NaN,NaN,0,NaN,0,NaN,NaN,0,63977,NaN,NaN,NaN,NaN,2133,0,0,NaN,25,14.2
2008,10,13,16:25:00,35.17,-120.741,0,Cal Poly Pier,0,0,6.84,1.4,1.39,1.4,250,0,NaN,0,12.65,0.51,8530,8530,0.42,0.47,0.36,1.79,4265,0,0,97.7,25,12.3
2008,10,16,16:00:00,35.17,-120.741,0,Cal Poly Pier,0,2133,NaN,NaN,NaN,NaN,NaN,8530,NaN,0,NaN,NaN,0,652561,NaN,NaN,NaN,NaN,21326,0,0,NaN,25,13.6
2008,10,20,15:20:00,35.17,-120.741,0,Cal Poly Pier,12795,0,1.96,67.21,68.87,65.55,NaN,2133,NaN,0,5.13,0.79,8530,746394,10.19,10.88,9.49,1.24,49049,0,0,71.13,25,13.6
2008,10,23,15:30:00,35.17,-120.741,0,Cal Poly Pier,0,8530,NaN,NaN,NaN,NaN,NaN,2133,NaN,0,NaN,NaN,2133,78904,NaN,NaN,NaN,NaN,4265,0,0,NaN,25,13.6
2008,10,27,15:05:00,35.17,-120.741,0,Cal Poly Pier,0,6398,2.01,16.59,17.24,15.95,150,4265,NaN,0,4.76,0.33,0,87435,1.83,1.94,1.72,0.83,8530,0,0,65.87,25,13.9
2008,10,30,14:50:00,35.17,-120.741,0,Cal Poly Pier,4265,0,NaN,NaN,NaN,NaN,NaN,2133,NaN,0,NaN,NaN,2133,81037,NaN,NaN,NaN,NaN,14928,0,0,NaN,25,14.3
2008,11,3,16:40:00,35.17,-120.741,0,Cal Poly Pier,4265,0,2,16.73,17.28,16.18,200,6398,0.05,0,3.55,0.36,2133,72507,2.21,2.27,2.15,0.63,19193,0,0,78.09,25,14.3
2008,11,6,16:50:00,35.17,-120.741,0,Cal Poly Pier,2133,2133,NaN,NaN,NaN,NaN,NaN,0,NaN,0,NaN,NaN,0,42651,NaN,NaN,NaN,NaN,17060,0,0,NaN,25,14.9
2008,11,10,16:38:00,35.17,-120.741,0,Cal Poly Pier,0,2133,3.36,2.04,2.1,1.99,250,0,NaN,0,5.67,0.5,2133,14928,0.87,0.85,0.89,1.03,0,0,0,58.25,25,13.7
2008,11,13,16:20:00,35.17,-120.741,0,Cal Poly Pier,0,0,NaN,NaN,NaN,NaN,NaN,0,NaN,0,NaN,NaN,0,4265,NaN,NaN,NaN,NaN,0,0,0,NaN,25,12.5
2008,11,17,17:28:00,35.17,-120.741,0,Cal Poly Pier,0,0,2.04,2.69,2.76,2.63,250,0,NaN,0,21.4,0.56,2133,4265,0.85,0.86,0.85,2.34,0,0,0,74.63,25,12.9
2008,11,20,20:07:00,35.17,-120.741,0,Cal Poly Pier,0,0,NaN,NaN,NaN,NaN,NaN,2133,NaN,0,NaN,NaN,0,31988,NaN,NaN,NaN,NaN,4265,0,0,NaN,25,13.5
2008,11,24,16:28:00,35.17,-120.741,0,Cal Poly Pier,0,2133,2.4,2.81,2.96,2.65,250,4265,NaN,0,7.59,0.43,0,23458,0.77,0.88,0.65,1.09,10663,0,0,82.46,25,13.4
2008,12,1,16:53:00,35.17,-120.741,0,Cal Poly Pier,0,8530,1.13,10.86,11.14,10.57,200,2133,NaN,0,4.62,0.32,0,53314,1.4,1.53,1.26,0.79,2133,2133,0,80.8,25,13.9
2008,12,4,16:22:00,35.17,-120.741,0,Cal Poly Pier,0,0,NaN,NaN,NaN,NaN,NaN,0,NaN,0,NaN,NaN,0,4265,NaN,NaN,NaN,NaN,2133,0,0,NaN,25,14.1
2008,12,8,16:12:00,35.17,-120.741,0,Cal Poly Pier,4265,0,1.46,3.54,3.48,3.61,200,0,NaN,0,5.31,0.41,4265,0,1.04,1.18,0.9,0.81,6398,0,0,55.8,25,13.9
2008,12,11,20:22:00,35.17,-120.741,0,Cal Poly Pier,0,0,NaN,NaN,NaN,NaN,NaN,0,NaN,0,NaN,NaN,2133,4265,NaN,NaN,NaN,NaN,4265,0,0,NaN,25,13.6
2008,12,15,21:20:00,35.17,-120.741,0,Cal Poly Pier,0,0,0.93,2.05,2.04,2.06,200,0,NaN,0,7.24,0.43,0,0,0.67,0.68,0.66,0.99,4265,0,0,73.17,25,13.2
2008,12,18,19:03:00,35.17,-120.741,0,Cal Poly Pier,0,0,NaN,NaN,NaN,NaN,NaN,0,NaN,0,NaN,NaN,4265,4265,NaN,NaN,NaN,NaN,0,0,0,NaN,25,12.6
2008,12,22,20:57:00,35.17,-120.741,0,Cal Poly Pier,0,0,1.17,2.01,2.01,2.01,200,0,NaN,0,9.93,0.51,15994,3199,0.38,0.34,0.41,1.31,7464,0,0,68.56,25,12.3
2009,1,5,20:00:00,35.17,-120.741,0,Cal Poly Pier,0,0,1.08,1.94,1.9,1.97,200,0,NaN,0,13.35,0.49,0,0,0.92,0.93,0.91,1.56,0,0,0,55.2,25,11.6
2009,1,8,18:50:00,35.17,-120.741,0,Cal Poly Pier,0,0,NaN,NaN,NaN,NaN,NaN,0,NaN,0,NaN,NaN,2133,8530,NaN,NaN,NaN,NaN,0,0,0,NaN,25,11.5
2009,1,12,19:00:00,35.17,-120.741,0,Cal Poly Pier,0,0,1.91,0.99,0.95,1.03,200,0,NaN,0,9.91,0.43,0,4265,0.49,0.54,0.45,1.19,0,0,0,87.54,25,11.6
2009,1,15,20:50:00,35.17,-120.741,0,Cal Poly Pier,0,0,NaN,NaN,NaN,NaN,NaN,0,NaN,0,NaN,NaN,55446,11729,NaN,NaN,NaN,NaN,0,0,0,NaN,25,11.7
2009,1,19,19:47:00,35.17,-120.741,0,Cal Poly Pier,0,2133,2.84,1.83,1.88,1.78,200,0,0.01,0,5.52,0.24,76772,8530,1.29,1.33,1.26,0.91,1066,0,0,80.3,25,12.1
2009,1,22,20:35:00,35.17,-120.741,0,Cal Poly Pier,0,0,NaN,NaN,NaN,NaN,NaN,0,NaN,0,NaN,NaN,3199,18127,NaN,NaN,NaN,NaN,1066,0,0,NaN,25,12.8
2009,1,26,20:40:00,35.17,-120.741,0,Cal Poly Pier,0,0,2.32,0.53,0.56,0.51,200,0,NaN,0,4.37,0.29,14928,6398,0.59,0.59,0.58,0.8,1066,0,0,46.83,25,12.8
2009,1,29,18:05:00,35.17,-120.741,0,Cal Poly Pier,0,0,NaN,NaN,NaN,NaN,NaN,0,NaN,0,NaN,NaN,1066,6398,NaN,NaN,NaN,NaN,0,0,0,NaN,25,12.4
2009,2,2,19:07:00,35.17,-120.741,0,Cal Poly Pier,0,0,2.9,3.38,3.44,3.31,200,0,NaN,0,12.95,0.44,0,0,0.94,0.89,0.99,1.5,164207,0,0,63.67,25,12.4
2009,2,5,22:05:00,35.17,-120.741,0,Cal Poly Pier,0,0,NaN,NaN,NaN,NaN,NaN,0,NaN,0,NaN,NaN,57579,15994,NaN,NaN,NaN,NaN,6398,0,0,NaN,25,12.5
2009,2,9,20:49:00,35.17,-120.741,0,Cal Poly Pier,0,0,2.17,0.88,0.86,0.89,200,0,NaN,0,8,0.26,1066,2133,0.61,0.67,0.56,1.14,0,0,0,50.55,25,12.8
2009,2,12,19:03:00,35.17,-120.741,0,Cal Poly Pier,0,3199,NaN,NaN,NaN,NaN,NaN,0,NaN,0,NaN,NaN,1066,3199,NaN,NaN,NaN,NaN,0,0,0,NaN,25,12.5
2009,2,16,23:05:00,35.17,-120.741,0,Cal Poly Pier,0,0,2.71,1.03,1.03,1.04,100,0,NaN,0,6.5,0.67,2133,2133,1.27,1.29,1.26,0.91,0,0,0,53.24,25,12.2
2009,2,19,23:25:00,35.17,-120.741,0,Cal Poly Pier,0,0,NaN,NaN,NaN,NaN,NaN,0,NaN,0,NaN,NaN,1066,0,NaN,NaN,NaN,NaN,0,0,0,NaN,25,13
2009,2,23,20:07:00,35.17,-120.741,0,Cal Poly Pier,0,0,0.78,2.02,2.06,1.97,200,0,NaN,0,10.49,0.46,9596,3199,0.96,0.96,0.97,1.14,9596,0,0,55.7,25,12.5
2009,2,26,18:25:00,35.17,-120.741,0,Cal Poly Pier,0,0,NaN,NaN,NaN,NaN,NaN,0,NaN,0,NaN,NaN,22392,1066,NaN,NaN,NaN,NaN,0,0,0,NaN,25,12.5
2009,3,2,19:23:00,35.17,-120.741,0,Cal Poly Pier,0,0,0.01,5.93,5.88,5.98,200,0,0.04,0,5.54,1.12,151411,0,1.1,1.08,1.13,0.06,0,0,0,0.21,25,12.8
2009,3,5,20:23:00,35.17,-120.741,0,Cal Poly Pier,0,0,NaN,NaN,NaN,NaN,NaN,0,NaN,0,NaN,NaN,13862,1066,NaN,NaN,NaN,NaN,0,0,0,NaN,25,13
2009,3,9,21:45:00,35.17,-120.741,0,Cal Poly Pier,0,0,3.08,0.41,0.42,0.41,200,0,NaN,0,5.85,0.34,0,2133,0.17,0.16,0.18,1.06,0,0,0,71.74,25,12.6
2009,3,12,20:03:00,35.17,-120.741,0,Cal Poly Pier,0,0,NaN,NaN,NaN,NaN,NaN,0,NaN,0,NaN,NaN,18127,3199,NaN,NaN,NaN,NaN,0,0,0,NaN,25,11.6
2009,3,16,20:57:00,35.17,-120.741,0,Cal Poly Pier,0,0,0.01,15.48,16.04,14.93,200,0,0.04,0,3.51,0.38,475559,2133,3.73,3.51,3.94,0.73,0,0,0,59.65,25,11.1
2009,3,19,19:25:00,35.17,-120.741,0,Cal Poly Pier,0,0,NaN,NaN,NaN,NaN,NaN,0,NaN,0,NaN,NaN,1462930,2133,NaN,NaN,NaN,NaN,0,0,0,NaN,25,11.3
2009,3,23,21:25:00,35.17,-120.741,0,Cal Poly Pier,0,0,0.02,3.82,3.88,3.76,200,0,NaN,0,5.76,1.14,110893,4265,1.95,1.93,1.96,0.07,0,0,0,0.24,25,11
2009,3,26,18:37:00,35.17,-120.741,0,Cal Poly Pier,0,0,NaN,NaN,NaN,NaN,NaN,0,NaN,0,NaN,NaN,400920,4265,NaN,NaN,NaN,NaN,0,0,0,NaN,25,10.7
2009,3,30,19:10:00,35.17,-120.741,0,Cal Poly Pier,0,2133,0.11,12.27,12.16,12.37,200,0,NaN,0,0.6,0.06,599247,0,7.6,7.35,7.85,0.23,0,0,0,56.41,25,11.7
2009,4,2,20:32:00,35.17,-120.741,0,Cal Poly Pier,0,0,NaN,NaN,NaN,NaN,NaN,0,NaN,0,NaN,NaN,639766,2133,NaN,NaN,NaN,NaN,0,0,0,NaN,25,11.4
2009,4,6,19:15:00,35.17,-120.741,0,Cal Poly Pier,0,0,0.35,14.15,13.37,14.94,150,0,0.08,0,0.57,0.12,1123860,0,6.4,6.72,6.08,0.39,0,0,0,40.57,25,11
2009,4,9,21:35:00,35.17,-120.741,0,Cal Poly Pier,0,0,NaN,NaN,NaN,NaN,NaN,0,NaN,0,NaN,NaN,172737,10663,NaN,NaN,NaN,NaN,0,0,0,NaN,25,12.8
2009,4,13,19:00:00,35.17,-120.741,0,Cal Poly Pier,0,0,2.37,1.2,1.18,1.21,250,0,0.21,0,11.56,0.34,53314,2133,0.82,0.83,0.82,1.54,0,0,0,44.66,25,12.7
2009,4,16,22:15:00,35.17,-120.741,0,Cal Poly Pier,0,0,NaN,NaN,NaN,NaN,NaN,0,NaN,0,NaN,NaN,9596,4265,NaN,NaN,NaN,NaN,0,0,0,NaN,25,10.5
2009,4,20,18:28:00,35.17,-120.741,0,Cal Poly Pier,0,0,0.21,3.51,3.42,3.6,200,0,NaN,0,15.32,0.44,100230,19193,0.72,0.73,0.72,1.34,0,0,0,69.85,25,12.7
2009,4,23,21:25:00,35.17,-120.741,0,Cal Poly Pier,0,0,NaN,NaN,NaN,NaN,NaN,0,NaN,0,NaN,NaN,520343,40519,NaN,NaN,NaN,NaN,0,0,0,NaN,25,13.2
2009,4,27,19:10:00,35.17,-120.741,0,Cal Poly Pier,0,0,2.84,5.58,5.16,6.01,200,0,0.09,0,15.19,0.55,371064,8530,3,2.9,3.09,1.65,0,0,0,57.4,25,10.7
2009,4,30,22:00:00,35.17,-120.741,0,Cal Poly Pier,0,0,NaN,NaN,NaN,NaN,NaN,0,NaN,0,NaN,NaN,138616,3199,NaN,NaN,NaN,NaN,0,0,5331,NaN,25,10.5
2009,5,4,19:50:00,35.17,-120.741,0,Cal Poly Pier,0,0,32.73,4.75,4.65,4.85,100,0,0.12,0,2.67,0.49,835961,0,8.19,7.76,8.62,0.8,0,0,8530,32.39,25,10.9
2009,5,7,22:25:00,35.17,-120.741,0,Cal Poly Pier,0,0,NaN,NaN,NaN,NaN,NaN,0,NaN,0,NaN,NaN,1684720,8530,NaN,NaN,NaN,NaN,0,14928,0,NaN,25,11.3
2009,5,11,19:00:00,35.17,-120.741,0,Cal Poly Pier,0,0,0.09,5.33,5.23,5.43,100,0,NaN,0,2.99,0.26,970312,6398,5.68,5.27,6.1,0.59,0,0,0,45.15,25,12.4
2009,5,14,21:35:00,35.17,-120.741,0,Cal Poly Pier,0,0,NaN,NaN,NaN,NaN,NaN,0,NaN,0,NaN,NaN,1703910,14928,NaN,NaN,NaN,NaN,0,0,2133,NaN,25,11
2009,5,18,19:35:00,35.17,-120.741,0,Cal Poly Pier,0,0,9.17,6.53,6.59,6.47,125,0,0.3,0,3.63,0.39,816768,4265,6.98,7.17,6.79,0.49,0,8530,0,29.95,25,11.3
2009,5,21,22:25:00,35.17,-120.741,0,Cal Poly Pier,0,0,NaN,NaN,NaN,NaN,NaN,0,NaN,0,NaN,NaN,1091870,6398,NaN,NaN,NaN,NaN,0,0,25591,NaN,25,14
2009,5,25,20:00:00,35.17,-120.741,0,Cal Poly Pier,0,0,2.16,2.73,2.8,2.65,200,0,0.26,0,2.91,0.24,479824,4265,2.02,2.04,2,0.94,0,0,0,44.89,25,NaN
2009,5,28,23:10:00,35.17,-120.741,0,Cal Poly Pier,0,0,NaN,NaN,NaN,NaN,NaN,0,NaN,0,NaN,NaN,40519,1066,NaN,NaN,NaN,NaN,0,0,0,NaN,25,13.5
2009,6,1,18:05:00,35.17,-120.741,0,Cal Poly Pier,0,0,25.21,1.59,1.62,1.57,200,0,NaN,0,9.27,0.66,66109,4265,0.69,0.68,0.69,1.58,0,0,0,35.63,25,12.9
2009,6,4,22:00:00,35.17,-120.741,0,Cal Poly Pier,0,0,NaN,NaN,NaN,NaN,NaN,2133,NaN,0,NaN,NaN,1816940,4265,NaN,NaN,NaN,NaN,0,0,0,NaN,25,15.5
2009,6,8,21:50:00,35.17,-120.741,0,Cal Poly Pier,0,2133,0.73,7.05,6.98,7.13,110,0,0.16,0,2.27,0.13,1448000,8530,3.2,2.85,3.55,0.44,6398,0,0,60.24,25,16.2
2009,6,11,21:00:00,35.17,-120.741,0,Cal Poly Pier,0,0,NaN,NaN,NaN,NaN,NaN,0,NaN,0,NaN,NaN,571524,6398,NaN,NaN,NaN,NaN,0,14928,0,NaN,25,13.5
2009,6,15,21:08:00,35.17,-120.741,0,Cal Poly Pier,0,0,0.15,18.84,21.09,16.6,150,2133,NaN,0,2.01,0.28,3047420,4265,4.74,4.44,5.03,0.52,4265,8530,0,44.71,25,14
2009,6,18,22:50:00,35.17,-120.741,0,Cal Poly Pier,0,0,NaN,NaN,NaN,NaN,NaN,0,NaN,0,NaN,NaN,2889610,0,NaN,NaN,NaN,NaN,0,70374,0,NaN,25,13.7
2009,6,22,19:20:00,35.17,-120.741,0,Cal Poly Pier,0,0,2.08,5.65,5.77,5.53,200,0,NaN,0,5.94,0.52,1117460,6398,2.04,2.17,1.92,1.03,0,14928,0,48.14,25,12.6
2009,6,25,19:00:00,35.17,-120.741,0,Cal Poly Pier,0,0,NaN,NaN,NaN,NaN,NaN,0,NaN,0,NaN,NaN,458499,12795,NaN,NaN,NaN,NaN,0,19193,0,NaN,25,13.3
2009,6,29,21:05:00,35.17,-120.741,0,Cal Poly Pier,0,2133,1.17,1.88,1.85,1.91,225,0,NaN,0,2.91,0.25,168472,6398,0.61,0.66,0.56,0.53,0,0,0,51.64,25,15.3
2009,7,2,19:41:00,35.17,-120.741,0,Cal Poly Pier,0,6398,NaN,NaN,NaN,NaN,NaN,0,NaN,0,NaN,NaN,106628,6398,NaN,NaN,NaN,NaN,0,0,0,NaN,25,15.4
2009,7,6,20:44:00,35.17,-120.741,0,Cal Poly Pier,0,8530,3.69,2.83,2.6,3.07,200,4265,NaN,0,3.31,0.41,110893,14928,0.87,0.97,0.77,0.82,10663,0,0,53.91,25,13.9
2009,7,9,19:22:00,35.17,-120.741,0,Cal Poly Pier,0,12795,NaN,NaN,NaN,NaN,NaN,0,NaN,0,NaN,NaN,1605810,89567,NaN,NaN,NaN,NaN,2133,0,0,NaN,25,14.2
2009,7,13,19:53:00,35.17,-120.741,0,Cal Poly Pier,0,4265,0.27,12.76,11.51,14.01,100,0,NaN,0,0.53,0.12,6694080,85302,1.82,1.72,1.93,0.16,8530,0,0,48.54,25,15.6
2009,7,16,17:55:00,35.17,-120.741,0,Cal Poly Pier,0,23458,NaN,NaN,NaN,NaN,NaN,0,NaN,0,NaN,NaN,4625510,4265,NaN,NaN,NaN,NaN,4265,0,0,NaN,25,15.1
2009,7,20,22:22:00,35.17,-120.741,0,Cal Poly Pier,0,2133,42.23,2.82,2.89,2.75,200,0,NaN,0,6.55,0.54,260171,4265,1.07,1.13,1.02,1.1,0,8530,0,38.84,25,15.3
2009,7,23,18:00:00,35.17,-120.741,0,Cal Poly Pier,0,0,NaN,NaN,NaN,NaN,NaN,0,NaN,0,NaN,NaN,15994,15994,NaN,NaN,NaN,NaN,0,0,0,NaN,25,14.6
2009,7,27,18:07:00,35.17,-120.741,0,Cal Poly Pier,0,0,8.02,3.94,3.69,4.18,200,0,NaN,0,8.29,0.59,9596,17060,1.12,0.93,1.31,1.48,23458,0,3199,62.96,25,14
2009,7,30,18:25:00,35.17,-120.741,0,Cal Poly Pier,0,0,NaN,NaN,NaN,NaN,NaN,0,NaN,0,NaN,NaN,14928,2133,NaN,NaN,NaN,NaN,0,0,0,NaN,25,13.1
2009,8,3,18:15:00,35.17,-120.741,0,Cal Poly Pier,0,4265,0.07,10.64,10.52,10.77,100,0,NaN,0,0.43,0.16,78904,40519,3.75,3.74,3.76,0.31,2133,0,21326,103.07,25,14.7
2009,8,6,17:42:00,35.17,-120.741,0,Cal Poly Pier,0,2133,NaN,NaN,NaN,NaN,NaN,0,NaN,0,NaN,NaN,2133,0,NaN,NaN,NaN,NaN,14928,0,8530,NaN,25,14.6
2009,8,10,21:00:00,35.17,-120.741,0,Cal Poly Pier,0,0,3.14,3.17,3.17,3.17,200,0,NaN,0,5.38,0.29,85302,2133,1.41,1.29,1.52,0.89,0,0,0,55.84,25,14.5
2009,8,13,19:40:00,35.17,-120.741,0,Cal Poly Pier,0,0,NaN,NaN,NaN,NaN,NaN,0,NaN,0,NaN,NaN,70374,8530,NaN,NaN,NaN,NaN,0,10663,0,NaN,25,14.1
2009,8,17,21:30:00,35.17,-120.741,0,Cal Poly Pier,0,0,0.51,4,4.01,3.98,200,0,0.16,0,2.66,0.33,234581,10663,0.79,0.8,0.78,0.7,0,307088,14928,60.08,25,14.3
2009,8,20,22:40:00,35.17,-120.741,0,Cal Poly Pier,0,0,NaN,NaN,NaN,NaN,NaN,0,NaN,0,NaN,NaN,57579,2133,NaN,NaN,NaN,NaN,0,76772,2133,NaN,25,14.4
2009,8,24,20:00:00,35.17,-120.741,0,Cal Poly Pier,0,0,4.25,1.45,1.42,1.48,200,0,1.6,0,4.01,0.37,12795,2133,0.42,0.42,0.43,0.92,0,183400,31988,70.61,25,13.7
2009,8,27,22:33:00,35.17,-120.741,0,Cal Poly Pier,0,0,NaN,NaN,NaN,NaN,NaN,0,NaN,0,NaN,NaN,49049,17060,NaN,NaN,NaN,NaN,0,426511,8530,NaN,25,14.3
2009,8,31,21:40:00,35.17,-120.741,0,Cal Poly Pier,0,0,3.25,2.79,2.71,2.87,200,0,2.55,0,2.95,0.28,12795,2133,0.82,0.78,0.87,0.68,0,379594,0,65.24,25,15.5
2009,9,3,21:20:00,35.17,-120.741,0,Cal Poly Pier,0,0,NaN,NaN,NaN,NaN,NaN,2133,NaN,0,NaN,NaN,10663,14928,NaN,NaN,NaN,NaN,4265,362534,0,NaN,25,16.1
2009,9,7,22:00:00,35.17,-120.741,0,Cal Poly Pier,0,0,8,4.38,4.41,4.34,200,0,0.46,0,3.24,0.1,23458,49049,1.85,1.76,1.95,1.39,0,19193,21326,101,25,15
2009,9,10,23:20:00,35.17,-120.741,0,Cal Poly Pier,0,0,NaN,NaN,NaN,NaN,NaN,4265,NaN,2133,NaN,NaN,6398,0,NaN,NaN,NaN,NaN,0,0,10663,NaN,25,14.7
2009,9,14,21:30:00,35.17,-120.741,0,Cal Poly Pier,0,2133,7.45,1.56,1.6,1.52,200,0,NaN,0,3.21,0.23,5331,15994,0.94,1.07,0.82,1.22,0,0,0,71.85,25,NaN
2009,9,17,23:05:00,35.17,-120.741,0,Cal Poly Pier,0,0,NaN,NaN,NaN,NaN,NaN,0,NaN,0,NaN,NaN,9596,9596,NaN,NaN,NaN,NaN,3199,0,9596,NaN,25,NaN
2009,9,21,22:00:00,35.17,-120.741,0,Cal Poly Pier,0,1066,2.25,2.96,3.08,2.83,250,1066,NaN,0,2.27,0.17,10663,1066,0.52,0.55,0.49,0.67,0,2133,0,79.77,25,NaN
2009,9,24,21:20:00,35.17,-120.741,0,Cal Poly Pier,0,1066,NaN,NaN,NaN,NaN,NaN,0,NaN,0,NaN,NaN,4265,0,NaN,NaN,NaN,NaN,2133,0,0,NaN,25,NaN
2009,9,28,21:50:00,35.17,-120.741,0,Cal Poly Pier,0,4265,0.01,18.45,18.54,18.35,200,0,NaN,0,0.21,0.17,78904,95965,3.19,3.41,2.97,0.23,2133,0,0,76.13,25,NaN
2009,10,1,22:30:00,35.17,-120.741,0,Cal Poly Pier,0,0,NaN,NaN,NaN,NaN,NaN,0,NaN,0,NaN,NaN,1066,19193,NaN,NaN,NaN,NaN,1066,0,0,NaN,25,NaN
2009,10,5,22:15:00,35.17,-120.741,0,Cal Poly Pier,0,1066,7.79,0.9,0.85,0.94,250,0,0.07,0,10.52,0.54,3199,7464,0.99,0.81,1.17,1.82,1066,0,7464,141.99,25,NaN
2009,10,12,22:30:00,35.17,-120.741,0,Cal Poly Pier,0,27723,3.94,7.67,7.36,7.99,250,0,NaN,0,1.7,0,0,25591,1.93,1.91,1.96,0.93,6398,0,14928,80.65,25,14.2
2009,10,19,21:10:00,35.17,-120.741,0,Cal Poly Pier,0,0,4.05,2.52,2.46,2.58,250,0,NaN,9596,3.67,0.15,8530,4265,0.73,0.7,0.76,0.93,3199,0,0,NaN,25,NaN
2009,10,26,23:16:00,35.17,-120.741,0,Cal Poly Pier,0,0,4.31,2.62,2.38,2.85,250,0,NaN,1066,7.8,0.39,0,6398,1.11,1.02,1.21,1.65,4265,2133,0,NaN,25,NaN
2009,11,2,23:20:00,35.17,-120.741,0,Cal Poly Pier,0,0,1.59,14.97,14.27,15.66,250,0,0.05,10663,7.83,0.44,2133,0,1.51,1.9,1.11,1.03,21326,0,25591,NaN,25,NaN
2009,11,9,23:33:00,35.17,-120.741,0,Cal Poly Pier,0,0,1.29,20.4,22.65,18.16,200,0,NaN,74639,3.11,0.42,0,21326,2.56,2.57,2.55,0.77,14928,0,0,55.4,25,NaN
2009,11,16,23:30:00,35.17,-120.741,0,Cal Poly Pier,0,0,7.53,33.68,30.07,37.29,200,0,0.07,10663,9.2,0.52,0,0,7.21,5.19,9.24,1.88,1066,0,0,62.71,25,NaN
2009,11,23,23:35:00,35.17,-120.741,0,Cal Poly Pier,0,2133,4.32,2.84,2.83,2.85,250,0,NaN,4265,12.7,0.59,8530,12795,0.94,0.92,0.96,1.53,17060,0,0,63.84,25,NaN
2009,11,30,23:15:00,35.17,-120.741,0,Cal Poly Pier,0,2133,1.21,4.84,4.49,5.19,250,0,NaN,6398,9.29,0.56,2133,2133,0.83,0.88,0.77,1.12,19193,0,0,88.42,25,NaN
2009,12,7,23:05:00,35.17,-120.741,0,Cal Poly Pier,0,0,0.51,24.7,25.97,23.43,200,2133,0.17,0,8.07,0.59,0,55446,3.49,3.96,3.02,1.07,36253,0,0,17.51,25,NaN
2009,12,14,23:06:00,35.17,-120.741,0,Cal Poly Pier,0,0,1.83,3.85,3.63,4.06,200,0,NaN,0,8.55,0.54,2133,0,0.7,0.71,0.7,1.19,8530,0,0,16.45,25,NaN
2009,12,21,23:38:00,35.17,-120.741,0,Cal Poly Pier,0,0,4,2.67,2.69,2.66,250,0,NaN,2133,6.73,0.44,0,12795,0.71,0.75,0.67,1.19,2133,0,8530,14.87,25,NaN
2009,12,28,23:15:00,35.17,-120.741,0,Cal Poly Pier,0,0,2.68,3.45,3.49,3.4,250,0,NaN,0,9.21,0.54,1066,2133,1.62,1.57,1.67,1.27,3199,0,0,16.08,25,NaN
2010,1,4,22:15:00,35.17,-120.741,0,Cal Poly Pier,0,0,1.49,11.46,11.63,11.29,250,0,NaN,2133,8.95,0.37,0,25591,2.43,2.49,2.36,1.2,17060,0,0,14.07,25,NaN
2010,1,11,23:45:00,35.17,-120.741,0,Cal Poly Pier,0,0,2,6.26,5.84,6.67,200,2133,NaN,2133,5.18,0.28,4265,8530,1.89,2.1,1.68,0.85,14928,0,0,6.97,25,NaN
2010,1,19,0:25:00,35.17,-120.741,0,Cal Poly Pier,0,1066,2.55,2.45,2.41,2.49,200,0,NaN,0,10.55,0.47,0,2133,2.41,2.44,2.37,1.6,7464,0,0,19.29,25,NaN
2010,1,25,22:50:00,35.17,-120.741,0,Cal Poly Pier,0,0,4.14,0.35,0.32,0.39,200,0,NaN,0,8.32,0.78,0,0,0.57,0.58,0.56,1.32,0,0,0,16.7,25,NaN
2010,2,1,23:10:00,35.17,-120.741,0,Cal Poly Pier,0,0,2.38,0.43,0.44,0.42,200,0,NaN,0,9.71,0.66,0,2133,0.26,0.29,0.24,1.48,0,0,0,18.96,25,NaN
2010,2,8,23:53:00,35.17,-120.741,0,Cal Poly Pier,0,0,3.04,0.89,0.82,0.96,200,0,0.06,0,9.29,0.54,0,1066,0.82,0.74,0.89,1.24,0,0,0,26.65,25,NaN
2010,2,15,23:00:00,35.17,-120.741,0,Cal Poly Pier,0,0,1.82,0.43,0.43,0.44,200,0,0.11,0,13.19,0.67,3199,1066,0.66,0.58,0.74,1.17,0,0,0,21.64,25,NaN
2010,2,22,22:45:00,35.17,-120.741,0,Cal Poly Pier,0,0,1.75,0.99,1,0.99,200,0,NaN,0,9.13,0.35,0,0,0.55,0.56,0.54,0.93,0,0,0,13.93,25,NaN
2010,3,1,19:10:00,35.17,-120.741,0,Cal Poly Pier,0,1066,1.22,1.31,1.43,1.19,200,0,NaN,0,8.09,0.4,3199,4265,0.87,0.87,0.86,0.97,0,0,0,17.26,25,NaN
2010,3,8,19:53:00,35.17,-120.741,0,Cal Poly Pier,0,0,1.81,0.44,0.43,0.44,200,0,0.05,0,10.45,0.48,1066,0,0.65,0.6,0.69,1.05,0,0,0,15.46,25,NaN
2010,3,15,18:48:00,35.17,-120.741,0,Cal Poly Pier,0,1066,0.38,0.41,0.32,0.5,200,0,0.08,0,24.62,0.31,2133,0,0.33,0.27,0.39,1.79,0,0,0,30.1,25,NaN
2010,3,22,19:30:00,35.17,-120.741,0,Cal Poly Pier,0,0,1.23,3.06,3.02,3.11,200,0,0.04,0,9.56,0.19,130086,0,1.27,1.31,1.24,0.64,0,36253,0,16.57,25,NaN
2010,3,29,22:50:00,35.17,-120.741,0,Cal Poly Pier,0,1066,1.39,1.08,1.1,1.07,200,0,0.06,0,17.54,0.37,2133,7464,0.77,0.79,0.75,1.24,0,0,0,23.3,25,NaN
2010,4,5,23:15:00,35.17,-120.741,0,Cal Poly Pier,0,0,0.75,2.78,2.22,2.73,200,0,0.06,0,20.27,0.41,20259,1066,1.66,1.82,1.51,1.43,0,0,0,24.57,25,NaN
2010,4,12,23:15:00,35.17,-120.741,0,Cal Poly Pier,0,0,1.29,1.19,1.1,1.27,200,0,NaN,0,7.53,0.16,4265,0,0.73,0.69,0.78,0.81,0,0,0,8.96,25,NaN
2010,4,19,21:23:00,35.17,-120.741,0,Cal Poly Pier,0,0,1.66,1.44,1.41,1.48,200,0,NaN,0,10.6,0.22,0,1066,0.35,0.35,0.36,0.89,0,0,1066,12.15,25,NaN
2010,4,26,23:15:00,35.17,-120.741,0,Cal Poly Pier,0,1066,0.36,2.6,2.71,2.49,200,0,NaN,0,0.36,13.24,17060,0,0.87,0.95,0.79,0.81,0,0,0,14.54,25,NaN
2010,5,3,23:15:00,35.17,-120.741,0,Cal Poly Pier,0,0,0.44,1.45,1.53,1.38,200,0,0.05,0,0.38,20.38,0,0,0.63,0.67,0.59,1.4,0,0,0,21.93,25,NaN
2010,5,10,23:15:00,35.17,-120.741,0,Cal Poly Pier,0,0,1.82,2.55,2.66,2.45,200,0,NaN,0,0.33,21.02,122622,0,1.01,1.07,0.96,1.59,0,7464,0,23.21,25,NaN
2010,5,17,22:45:00,35.17,-120.741,0,Cal Poly Pier,0,0,0.31,5.25,5.67,4.83,200,0,0.05,0,0.05,0.32,763454,59711,3.34,3.21,3.48,0.12,0,0,0,2.07,25,NaN
2010,5,24,23:25:00,35.17,-120.741,0,Cal Poly Pier,0,0,1.39,1.41,1.41,1.41,200,0,NaN,0,0.26,25,121556,2133,1.42,1.4,1.44,1.94,0,0,0,32.64,25,NaN
2010,5,31,23:45:00,35.17,-120.741,0,Cal Poly Pier,0,0,0.09,5.49,5.6,5.37,200,0,0.06,0,0.01,0.13,1072670,6398,5.14,4.88,5.41,0.07,0,0,31988,0.72,25,NaN
2010,6,7,23:55:00,35.17,-120.741,0,Cal Poly Pier,0,0,0.7,2.92,3.09,2.75,200,0,0.12,0,0.21,4.82,467029,0,2.14,2.04,2.23,0.66,0,0,38386,3.41,25,NaN
2010,6,14,23:10:00,35.17,-120.741,0,Cal Poly Pier,0,0,0.38,2.27,2.15,2.39,200,0,0.12,0,0.01,0.25,439306,0,2.05,2.05,2.06,0.15,0,0,34121,0.95,25,NaN
2010,6,21,22:32:00,35.17,-120.741,0,Cal Poly Pier,0,0,0.29,7.31,6.99,7.63,200,0,NaN,0,0.18,0.99,1765750,2133,5.38,5.3,5.47,0.35,0,19193,31988,6.49,25,NaN
2010,6,28,22:42:00,35.17,-120.741,0,Cal Poly Pier,0,0,0.43,9.27,8.77,9.78,200,0,0.06,0,0.05,0.3,2185870,2133,10.81,11.36,10.26,0.25,0,51181,10663,2.03,25,NaN
2010,7,5,23:45:00,35.17,-120.741,0,Cal Poly Pier,0,0,1.54,3.17,3.3,3.03,200,0,NaN,0,0.13,0.03,238846,8530,1.74,1.79,1.69,0.08,0,104495,12795,2.77,25,NaN
2010,7,13,0:00:00,35.17,-120.741,0,Cal Poly Pier,0,0,NaN,8.56,8.09,9.03,200,2133,NaN,0,NaN,NaN,14928,2133,2.21,2.35,2.07,NaN,2133,4265,21326,NaN,25,NaN
2010,7,19,21:07:00,35.17,-120.741,0,Cal Poly Pier,0,0,NaN,3.59,3.66,3.52,200,0,0.07,0,NaN,NaN,179134,2133,1.71,1.73,1.69,NaN,6398,0,14928,NaN,25,NaN
2010,7,26,23:41:00,35.17,-120.741,0,Cal Poly Pier,0,0,0.53,18.1,18.47,17.72,200,4265,0.07,0,0.4,0.1,3252140,6398,5.76,6.24,5.29,0.21,6398,100230,83170,12.88,25,NaN
2010,8,3,0:32:00,35.17,-120.741,0,Cal Poly Pier,0,0,0.39,9.97,10.16,9.78,200,0,0.1,0,0.14,0,1921430,4265,3.68,3.28,4.08,0.08,4265,138616,12795,4.39,25,NaN
2010,8,9,22:10:00,35.17,-120.741,0,Cal Poly Pier,0,0,1.55,8.69,8.48,8.9,200,21326,0.09,2133,0.38,0.03,110893,12795,4.5,4.72,4.27,0.32,23458,488355,8530,11.92,25,NaN
2010,8,23,23:45:00,35.17,-120.741,0,Cal Poly Pier,0,0,1.86,6.82,6.67,6.97,200,0,NaN,0,4.17,0.34,125821,0,2.73,2.7,2.76,0.47,0,6398,23458,15.82,25,NaN
2010,8,31,0:15:00,35.17,-120.741,0,Cal Poly Pier,0,0,51.81,2.72,2.66,2.79,200,0,NaN,0,15.24,0.51,0,0,2.3,2.26,2.34,2.09,0,0,0,27.5,25,NaN
2010,9,6,21:12:00,35.17,-120.741,0,Cal Poly Pier,0,0,10.67,18.28,17.72,18.85,200,0,NaN,0,6.79,0.42,119423,14928,8.23,7.84,8.63,1.3,2133,34121,108760,14.42,25,NaN
2010,9,13,23:15:00,35.17,-120.741,0,Cal Poly Pier,0,0,NaN,7.95,7.71,8.2,200,0,0.05,0,NaN,NaN,34121,4265,4.03,4.01,4.05,NaN,0,0,29856,NaN,25,NaN
2010,9,20,23:12:00,35.17,-120.741,0,Cal Poly Pier,0,0,NaN,1.45,1.36,1.55,200,2133,0.04,0,NaN,NaN,2133,0,1.8,1.71,1.88,NaN,0,0,0,NaN,25,NaN
2010,9,27,22:20:00,35.17,-120.741,0,Cal Poly Pier,0,0,47.7,11.5,11.12,11.88,200,0,0.06,0,5.16,0.49,648296,4265,12.36,12.95,11.77,2.09,0,0,0,21.5,25,NaN
2010,10,4,22:15:00,35.17,-120.741,0,Cal Poly Pier,0,0,NaN,1.01,0.98,1.04,200,0,NaN,0,NaN,NaN,2133,0,1.72,1.77,1.67,NaN,0,0,14928,NaN,25,NaN
2010,10,13,0:22:00,35.17,-120.741,0,Cal Poly Pier,0,0,24.97,4.18,4.15,4.22,200,0,0.44,0,4.67,0.4,8530,6398,1.44,1.45,1.42,0.88,0,0,38386,13.94,25,NaN
2010,10,19,21:40:00,35.17,-120.741,0,Cal Poly Pier,10663,0,3.39,5.02,4.69,5.35,200,0,NaN,0,2.72,0.37,0,12795,1.02,1.01,1.02,0.52,2133,0,0,7.74,25,NaN
2010,10,27,22:14:00,35.17,-120.741,0,Cal Poly Pier,0,0,NaN,1.65,1.58,1.72,200,0,0.04,0,NaN,NaN,4265,0,1.33,1.38,1.29,NaN,0,8530,0,NaN,25,NaN
2010,11,2,22:09:00,35.17,-120.741,0,Cal Poly Pier,2133,0,NaN,6.1,6.14,6.05,200,0,NaN,0,NaN,NaN,89567,0,7.76,7.74,7.77,NaN,2133,8530,14928,NaN,25,NaN
2010,11,9,23:33:00,35.17,-120.741,0,Cal Poly Pier,2133,0,7.09,1.54,1.58,1.49,200,0,NaN,0,2.3,0.34,6398,2133,1.54,1.51,1.58,0.36,0,10663,0,6.02,25,NaN
2010,11,24,0:10:00,35.17,-120.741,0,Cal Poly Pier,0,0,12.79,2.6,2.49,2.71,200,0,NaN,0,5.16,0.46,2133,0,2.33,2.3,2.36,1.24,0,4265,0,15.42,25,NaN
2010,12,1,0:30:00,35.17,-120.741,0,Cal Poly Pier,0,0,20.87,1.33,1.39,1.26,200,0,0.05,0,4.31,0.31,0,2133,1.63,1.44,1.83,1.08,0,0,19193,10.34,25,NaN
2010,12,8,0:15:00,35.17,-120.741,0,Cal Poly Pier,0,0,NaN,NaN,NaN,NaN,200,0,NaN,0,NaN,NaN,2132.55,0,NaN,NaN,NaN,NaN,0,4265.11,0,NaN,25,NaN
2010,12,14,23:05:00,35.17,-120.741,0,Cal Poly Pier,0,0,NaN,NaN,NaN,NaN,200,0,0.07,0,NaN,NaN,0,2132.55,NaN,NaN,NaN,NaN,0,0,19193,NaN,25,NaN
2011,1,28,21:00:00,35.17,-120.741,0,Cal Poly Pier,0,0,NaN,NaN,NaN,NaN,200,0,NaN,0,NaN,0.28,153597,0,NaN,NaN,NaN,NaN,0,0,8533,NaN,25,16.7
2011,2,1,22:15:00,35.17,-120.741,0,Cal Poly Pier,0,0,81.1,NaN,NaN,NaN,200,0,4.94,0,11.2,0.2,0,0,NaN,NaN,NaN,1.3,0,0,726663,23.3,25,NaN
2011,2,8,21:45:00,35.17,-120.741,0,Cal Poly Pier,0,0,NaN,3.32,3.6,3.04,200,0,2.97,0,NaN,NaN,0,0,0.64,0.72,0.56,0.09,0,17098,51294,3.87,25,12
2011,2,15,20:00:00,35.17,-120.741,0,Cal Poly Pier,0,0,114.71,3.91,4.16,3.66,200,0,2.39,0,NaN,NaN,0,0,1.39,1.6,1.18,0.13,0,68392,136784,9.9,25,13
2011,2,17,19:15:00,35.17,-120.741,0,Cal Poly Pier,15409,46228,NaN,4.19,4.2,4.18,250,0,NaN,0,NaN,NaN,148956,143820,1.41,1.22,1.6,NaN,148956,0,15409,NaN,25,14.9
2011,2,18,17:00:00,35.17,-120.741,0,Cal Poly Pier,10273,0,NaN,7.74,8.15,7.33,250,0,NaN,0,NaN,NaN,0,0,1.81,2.08,1.54,NaN,102728,118138,200321,NaN,25,15.5
2011,2,19,22:50:00,35.17,-120.741,0,Cal Poly Pier,0,2778,NaN,7.39,7.51,7.26,250,0,NaN,0,NaN,NaN,244444,138889,0.94,0.94,0.95,NaN,11111,50000,11111,NaN,25,17.9
2011,2,20,17:00:00,35.17,-120.741,0,Cal Poly Pier,16667,0,NaN,12.38,14.13,10.62,175,8333,NaN,0,NaN,NaN,236111,252778,2.13,2.46,1.8,NaN,494444,0,0,NaN,25,16
2011,2,22,21:00:00,35.17,-120.741,0,Cal Poly Pier,0,0,NaN,0.51,0.52,0.51,200,0,NaN,0,NaN,NaN,0,0,0.13,0.14,0.12,0.27,0,0,8549,8,25,12.2
2011,3,1,20:45:00,35.17,-120.741,0,Cal Poly Pier,0,0,NaN,2.82,2.96,2.68,200,0,6.14,0,NaN,NaN,0,0,0.49,0.5,0.48,0.97,0,17098,376155,38.25,25,11.5
2011,3,10,22:30:00,35.17,-120.741,0,Cal Poly Pier,0,0,NaN,0.96,1.01,0.91,200,0,NaN,0,NaN,NaN,0,0,0.28,0.29,0.26,0.73,0,0,34196,22.02,25,13
2011,3,15,22:20:00,35.17,-120.741,0,Cal Poly Pier,0,0,189.75,1.36,1.44,1.28,200,0,NaN,0,NaN,NaN,0,0,0.61,0.64,0.57,0.94,0,0,0,29.67,25,12
2011,3,23,22:30:00,35.17,-120.741,0,Cal Poly Pier,0,0,NaN,6.33,6.62,6.04,200,0,4.38,0,NaN,NaN,0,0,1.09,1.22,0.96,2.34,0,0,0,65.15,25,10.5
2011,3,29,21:45:00,35.17,-120.741,0,Cal Poly Pier,0,0,NaN,0.86,0.87,0.85,200,0,0.23,0,NaN,NaN,0,0,0.41,0.45,0.36,1.71,0,0,0,54.11,25,14
2011,4,5,22:00:00,35.17,-120.741,0,Cal Poly Pier,0,0,NaN,1.63,1.62,1.65,200,0,NaN,0,NaN,NaN,0,8549,0.27,0.27,0.26,1.17,0,0,0,26.3,25,16
2011,4,13,22:00:00,35.17,-120.741,0,Cal Poly Pier,0,0,NaN,4.2,3.7,4.7,200,0,0.51,0,NaN,NaN,1162660,0,0.69,0.64,0.74,1.04,0,0,376155,25.51,25,13
2011,4,21,20:00:00,35.17,-120.741,0,Cal Poly Pier,0,0,NaN,16.62,16.64,16.6,200,0,0.07,0,NaN,NaN,1049220,0,3.16,3.12,3.2,0.23,0,6398,14928,6.27,25,14
2011,4,28,21:15:00,35.17,-120.741,0,Cal Poly Pier,0,0,NaN,12.65,21,4.3,200,0,NaN,0,NaN,NaN,1157980,0,19.8,7.6,32,0.5,0,0,0,7.39,25,13
2011,5,5,20:00:00,35.17,-120.741,0,Cal Poly Pier,0,0,152.06,3.36,3.52,3.2,200,0,NaN,0,NaN,NaN,1042820,0,2.09,1.96,2.22,0.08,0,0,0,1.86,25,14
2011,5,20,18:00:00,35.17,-120.741,0,Cal Poly Pier,0,0,NaN,0.72,0.75,0.68,200,0,NaN,0,NaN,NaN,0,0,0.49,0.46,0.51,0.51,0,0,0,6.57,25,14
2011,6,3,19:15:00,35.17,-120.741,0,Cal Poly Pier,0,0,NaN,21.25,24.9,17.6,200,0,NaN,0,NaN,NaN,594914,0,11.3,12.4,10.2,0.28,0,0,0,13,25,14
2011,6,10,18:15:00,35.17,-120.741,0,Cal Poly Pier,0,0,NaN,8.43,7.5,9.36,200,0,NaN,0,NaN,NaN,390212,0,2.91,2.74,3.08,0.18,0,0,0,5.88,25,14
2011,6,24,18:15:00,35.17,-120.741,0,Cal Poly Pier,0,0,NaN,0.96,0.96,0.96,200,0,NaN,0,NaN,NaN,76763,2132,0.39,0.4,0.38,0.35,0,0,0,7.71,25,16
2011,7,1,21:30:00,35.17,-120.741,0,Cal Poly Pier,0,6397,NaN,9.9,9.9,9.9,200,0,0.04,0,NaN,NaN,1844440,0,3.2,3.6,2.8,0.37,0,0,14926,13.42,25,16
2011,7,15,20:30:00,35.17,-120.741,0,Cal Poly Pier,0,0,4.96,3.19,2.98,3.4,200,0,0.05,0,8.05,0.41,142865,0,0.6,0.54,0.66,1.05,0,38382,6397,16.35,25,17
2011,7,29,19:00:00,35.17,-120.741,0,Cal Poly Pier,0,0,1.79,7.39,7.02,7.76,200,0,0.79,0,1.65,0.16,17058,4265,0.95,0.9,1,0.47,14926,36249,81028,5.97,25,17
2011,8,12,22:30:00,35.17,-120.741,0,Cal Poly Pier,0,0,2.92,14.26,14.5,14.02,200,0,0.21,0,4.43,0.3,1281520,0,1.88,2,1.76,0.87,0,95954,70366,12.07,25,17
2011,8,29,22:30:00,35.17,-120.741,0,Cal Poly Pier,0,0,3.2,2.13,1.66,2.6,200,2132,0.42,0,1.61,0.07,125806,2132,0.52,0.4,0.64,0.56,6397,57572,14926,3.11,25,17
2011,9,14,22:30:00,35.17,-120.741,0,Cal Poly Pier,NaN,NaN,2.43,1.85,1.98,1.71,200,NaN,NaN,NaN,0.98,0.07,NaN,NaN,0.28,0.3,0.25,0.45,NaN,NaN,NaN,3.3,25,18
2011,9,27,22:30:00,35.17,-120.741,0,Cal Poly Pier,0,0,1.89,3.31,3.36,3.26,200,0,NaN,0,3.14,0.24,8549,0,0.7,0.68,0.72,0.65,0,0,0,11.01,25,17
2011,10,13,23:30:00,35.17,-120.741,0,Cal Poly Pier,0,0,2.28,2.85,3.02,2.68,200,0,0.04,0,10.22,0.58,0,0,0.59,0.62,0.56,1.34,0,17098,0,25.17,25,16
2011,10,31,22:45:00,35.17,-120.741,0,Cal Poly Pier,0,42745,1.06,4.94,4.84,5.04,200,0,NaN,0,1.97,0.12,17098,0,0.53,0.54,0.52,0.43,17098,34196,2350970,4.79,25,15
2011,11,17,23:00:00,35.17,-120.741,0,Cal Poly Pier,0,42745,2.43,6.32,6.86,5.78,200,0,0.37,0,4.47,0.1,376155,25647,0.37,0.34,0.4,0.57,0,0,1470420,3.64,25,14
2011,12,3,23:30:00,35.17,-120.741,0,Cal Poly Pier,0,0,3.82,1.54,1.52,1.56,200,0,NaN,0,7.04,0.29,8549,0,0.68,0.68,0.68,1.06,0,0,51294,16.03,25,13
2011,12,17,21:30:00,35.17,-120.741,0,Cal Poly Pier,0,0,1.9,NaN,NaN,NaN,200,8549,NaN,0,7.46,0.22,0,0,NaN,NaN,NaN,0.86,0,0,0,13.11,25,13.5
2012,1,12,22:30:00,35.17,-120.741,0,Cal Poly Pier,0,0,NaN,NaN,NaN,NaN,200,0,NaN,0,NaN,NaN,356095,0,NaN,NaN,NaN,NaN,0,34117,0,NaN,25,13.7
2012,1,18,21:30:00,35.17,-120.741,0,Cal Poly Pier,0,0,1.49,NaN,NaN,NaN,200,0,NaN,0,19.43,0.34,14926,0,NaN,NaN,NaN,1.42,0,0,4265,14.58,25,12.7
2012,1,18,22:30:00,35.17,-120.741,0,Cal Poly Pier,0,0,1.49,NaN,NaN,NaN,200,0,NaN,0,19.46,0.34,36959,0,NaN,NaN,NaN,1.42,0,0,10560,14.58,25,13.7
2012,1,31,17:00:00,35.17,-120.741,0,Cal Poly Pier,0,0,2.05,NaN,NaN,NaN,200,0,NaN,0,17.76,0.41,19191,0,NaN,NaN,NaN,1.55,0,0,2132,22.03,25,12.3
2012,1,31,21:30:00,35.17,-120.741,0,Cal Poly Pier,0,0,2.05,NaN,NaN,NaN,200,0,NaN,0,17.79,0.41,47518,0,NaN,NaN,NaN,1.55,0,0,5280,22.03,25,12.7
2012,2,15,17:00:00,35.17,-120.741,0,Cal Poly Pier,0,0,2.83,NaN,NaN,NaN,200,0,NaN,0,11.4,0.3,89757,0,NaN,NaN,NaN,1.09,0,0,0,13.17,25,12.3
2012,2,15,20:30:00,35.17,-120.741,0,Cal Poly Pier,0,0,2.83,NaN,NaN,NaN,200,0,NaN,0,11.41,0.3,36249,0,NaN,NaN,NaN,1.09,0,0,0,13.17,25,11.9
2012,3,3,20:30:00,35.17,-120.741,0,Cal Poly Pier,0,0,1.67,NaN,NaN,NaN,200,0,NaN,0,21.47,0.33,10560,0,NaN,NaN,NaN,1.55,0,0,0,24.02,25,11.9
2012,3,3,21:00:00,35.17,-120.741,0,Cal Poly Pier,0,0,1.67,NaN,NaN,NaN,200,0,NaN,0,21.45,0.33,4265,0,NaN,NaN,NaN,1.55,0,0,0,24.02,25,12.2
2012,3,21,20:00:00,35.17,-120.741,0,Cal Poly Pier,0,0,1.65,NaN,NaN,NaN,200,0,NaN,0,16.79,0.31,84477,0,NaN,NaN,NaN,1.34,0,0,47518,21.36,25,12.2
2012,3,21,22:45:00,35.17,-120.741,0,Cal Poly Pier,0,0,1.65,NaN,NaN,NaN,200,0,NaN,0,16.82,0.31,34117,0,NaN,NaN,NaN,1.34,0,0,19191,21.36,25,13
2012,4,4,21:30:00,35.17,-120.741,0,Cal Poly Pier,0,0,2.77,3.95,3.68,4.22,200,0,NaN,0,25.18,0.49,240951,0,1.77,1.6,1.94,2.35,0,0,6397,31.1,25,12.9
2012,4,18,22:00:00,35.17,-120.741,0,Cal Poly Pier,0,0,2,1.29,1.01,1.56,200,0,NaN,0,20.56,0.32,4265,0,0.59,0.46,0.72,1.66,0,0,0,25.18,25,13.8
2012,5,2,21:30:00,35.17,-120.741,0,Cal Poly Pier,0,0,2.35,1.33,1.36,1.3,200,0,NaN,0,12.26,0.31,14926,0,0.85,0.92,0.78,1.3,0,0,4265,18.54,25,13.8
2012,5,17,21:30:00,35.17,-120.741,0,Cal Poly Pier,0,0,0.67,1.54,1.48,1.6,200,0,NaN,0,20.67,0.45,14926,0,0.59,0.54,0.64,2.1,0,0,10662,32.04,25,15.2
2012,6,4,21:30:00,35.17,-120.741,0,Cal Poly Pier,0,0,1.13,2.9,2.72,3.08,200,0,NaN,0,1.02,0.17,0,0,2.21,2,2.42,0.42,0,0,0,7.46,25,15
2012,6,14,23:00:00,35.17,-120.741,0,Cal Poly Pier,0,0,0.5,3.71,3.8,3.62,200,0,0.48,0,0.88,0.09,562929,2132,1.8,1.72,1.88,0.24,0,0,40514,0.52,25,15.3
2012,6,29,22:30:00,35.17,-120.741,0,Cal Poly Pier,0,0,0.83,4.26,4.5,4.02,200,2132,0.29,0,0.95,0.11,59705,2132,1.14,1.26,1.02,0.32,2132,0,29852,1.09,25,16.1
2012,7,11,18:15:00,35.17,-120.741,0,Cal Poly Pier,0,2132,1.59,3.11,3.22,3,200,0,0.39,0,1.01,0.16,25588,8529,1.14,1.08,1.2,0.42,0,0,59705,3.94,25,15.9
2012,7,28,19:45:00,35.17,-120.741,0,Cal Poly Pier,0,0,2.43,2.84,2.8,2.88,200,2132,NaN,0,1.08,0.17,0,8529,1.06,1.1,1.02,0.4,0,0,2132,4.35,25,13.9
2012,8,13,21:55:00,35.17,-120.741,0,Cal Poly Pier,0,0,0.05,14,14.5,13.5,200,534,NaN,0,0.44,0.05,330890,2135,4.5,4.2,4.8,0.18,0,9073,0,2.17,25,15.9
2012,8,24,19:15:00,35.17,-120.741,0,Cal Poly Pier,0,0,0.36,5.16,5.04,5.28,200,0,0.07,0,1.98,0.16,195332,2668,2.13,2.26,2,0.41,0,22949,5871,2.34,25,11
2012,9,7,22:00:00,35.17,-120.741,0,Cal Poly Pier,0,0,0.9,6.14,6.1,6.18,200,0,NaN,0,2.79,0.37,60841,1067,1.84,1.64,2.04,0.81,0,0,8005,10.33,25,NaN
2012,9,20,23:40:00,35.17,-120.741,0,Cal Poly Pier,0,0,0.58,5.98,6.32,5.64,200,534,0.79,0,0.57,0.08,242297,11208,2.49,2.66,2.32,0.32,534,0,10674,4.2,25,15.9
2012,10,5,0:20:00,35.17,-120.741,0,Cal Poly Pier,0,0,1.25,4.32,4.32,4.32,200,534,NaN,0,1.11,0.26,0,6938,1.62,1.6,1.64,0.71,534,0,0,13.51,25,15.8
2012,10,19,23:40:00,35.17,-120.741,0,Cal Poly Pier,0,0,0.88,3.26,3.68,2.84,200,0,4.42,0,2.48,0.2,3736,534,0.99,1.12,0.86,0.64,0,3202,39493,4.23,25,17
2012,11,2,23:15:00,35.17,-120.741,0,Cal Poly Pier,0,0,1.38,2.21,2.18,2.24,200,0,NaN,0,3.02,0.26,3202,2135,1.13,1.04,1.22,0.78,0,0,534,8.45,25,15
2012,11,16,15:15:00,35.17,-120.741,0,Cal Poly Pier,0,0,2.7,2.79,2.62,2.96,200,0,NaN,1067,13.67,0.39,1601,534,1.41,1.42,1.4,1.42,0,0,2135,11.4,25,13
2012,11,29,14:35:00,35.17,-120.741,0,Cal Poly Pier,0,0,2.56,1.66,1.78,1.54,200,0,NaN,0,2.82,0.38,2135,0,1.35,1.32,1.38,0.8,0,0,534,7.61,25,13
2012,12,6,17:00:00,35.17,-120.741,0,Cal Poly Pier,0,0,2.2,3.34,3.48,3.2,200,0,NaN,534,5.2,0.3,2668,9073,1.23,1.36,1.1,1.05,0,2668,0,8.13,25,15
2012,12,14,18:10:00,35.17,-120.741,0,Cal Poly Pier,0,0,1.33,1.87,1.4,2.34,200,0,NaN,0,4.24,0.37,2668,534,1.21,0.96,1.46,0.69,0,0,0,8.11,25,12
2012,12,31,17:35:00,35.17,-120.741,0,Cal Poly Pier,0,0,1.18,1.4,1.38,1.42,200,0,NaN,0,7.22,0.42,1601,1067,1.14,1.14,1.14,0.86,0,0,534,13.55,25,12
2013,1,11,21:30:00,35.17,-120.741,0,Cal Poly Pier,0,0,2.05,1.15,1,1.3,200,0,NaN,0,13.88,0.44,3736,0,1.6,1.48,1.72,0,0,0,0,20.13,25,12
2013,1,19,0:15:00,35.17,-120.741,0,Cal Poly Pier,0,0,2.65,1.11,1.02,1.2,200,0,NaN,0,28.06,0.49,6938,0,0.53,0.49,0.56,1.95,0,0,0,30.29,25,12
2013,1,25,21:30:00,35.17,-120.741,0,Cal Poly Pier,0,0,1.24,1.5,1.5,NaN,200,0,NaN,1067,8.65,0.13,1601,4803,2.24,2.24,NaN,0.96,0,0,0,8.46,25,12
2013,2,1,22:30:00,35.17,-120.741,0,Cal Poly Pier,0,1067,2.31,1.19,1.22,1.16,200,0,NaN,534,5.36,0.19,2135,2135,0.59,0.53,0.66,1.01,0,0,1067,8.7,25,11.5
2013,2,8,21:30:00,35.17,-120.741,0,Cal Poly Pier,0,1067,1.02,1.06,1.06,NaN,200,0,NaN,0,5.9,0.19,16544,1601,1.4,1.4,NaN,0.82,0,0,0,8.18,25,11
2013,2,14,0:15:00,35.17,-120.741,0,Cal Poly Pier,0,534,2.29,2.09,1.98,2.2,200,0,NaN,0,8.68,0.26,22949,1067,0.18,0.18,0.18,0.98,0,2668,3202,10.84,25,12
2013,2,22,21:45:00,35.17,-120.741,0,Cal Poly Pier,0,0,0.76,NaN,NaN,NaN,200,0,NaN,0,4.99,0.19,80588,0,NaN,NaN,NaN,0.76,0,0,1601,8.18,25,12
2013,3,3,2:15:00,35.17,-120.741,0,Cal Poly Pier,0,0,0.84,4.03,4.02,4.04,200,0,NaN,0,14.12,0.29,26151,0,1.37,1.5,1.24,1.32,0,8005,534,20.47,25,12
2013,3,8,21:20:00,35.17,-120.741,0,Cal Poly Pier,0,534,0.28,9.11,12.9,5.32,200,0,NaN,0,4.88,0.18,13876,1601,1.18,1.4,0.96,0.85,0,5337,2668,6.2,25,11
2013,3,16,0:00:00,35.17,-120.741,0,Cal Poly Pier,0,0,0.23,21.45,21.1,21.8,200,0,NaN,0,3.14,0.02,302070,534,3,2.8,3.2,0.24,1067,0,21348,1.57,25,15
2013,3,20,19:20:00,35.17,-120.741,0,Cal Poly Pier,0,2135,0.37,11.3,8.4,14.2,200,0,NaN,0,0.37,0.01,364512,534,11.1,16.4,5.8,0.23,1067,14410,13876,0.59,25,12
2013,4,1,20:50:00,35.17,-120.741,0,Cal Poly Pier,0,0,0.98,2.24,2.3,2.18,200,0,NaN,0,5.67,0.03,165979,2135,0.72,0.74,0.7,0.56,1601,2135,33089,1.88,25,14
2013,4,5,18:45:00,35.17,-120.741,0,Cal Poly Pier,0,0,0.47,0.53,0.39,0.67,200,0,NaN,0,0.75,0.02,28819,0,0.41,0.43,0.38,0.24,0,2668,3736,0.78,25,14
2013,4,12,17:30:00,35.17,-120.741,0,Cal Poly Pier,0,0,1.63,3.98,4.04,3.92,200,0,NaN,0,19.49,0.24,9073,534,1.01,0.96,1.06,1.85,534,2135,0,25.48,25,9
2013,4,17,22:45:00,35.17,-120.741,0,Cal Poly Pier,0,0,0.63,6,4.02,7.89,200,0,NaN,534,5.96,0.26,291930,0,1.64,1.12,2.16,0.67,534,40561,39493,12.51,25,12
2013,4,23,19:30:00,35.17,-120.741,0,Cal Poly Pier,0,0,0.78,3.81,3.79,3.82,200,0,NaN,0,12.44,0.23,255639,534,1.03,1.02,1.03,0.82,0,4803,39493,3.88,25,14
2013,5,1,17:45:00,35.17,-120.741,0,Cal Poly Pier,0,0,1.84,1.41,1.76,1.06,200,534,NaN,0,9.29,0.19,18146,1067,0.82,1.02,0.61,0.96,0,6938,10140,6.5,25,14
2013,5,11,19:00:00,35.17,-120.741,0,Cal Poly Pier,0,0,1.34,2.83,2.96,2.7,200,5871,NaN,0,7.42,0.23,8539,3202,0.75,0.8,0.7,0.59,0,24016,19213,7.4,25,14.5
2013,5,17,18:10:00,35.17,-120.741,0,Cal Poly Pier,0,0,0.61,12.52,12.52,NaN,200,0,NaN,0,3.51,0.16,413612,3736,2.16,2.16,NaN,0.52,0,44297,123817,10.23,25,13
2013,5,24,10:15:00,35.17,-120.741,0,Cal Poly Pier,0,0,0.47,8.17,8.34,8,200,0,NaN,0,7.94,0.26,164377,534,1.97,2.1,1.84,0.75,0,24550,357041,16.25,25,11.7
2013,5,31,17:45:00,35.17,-120.741,0,Cal Poly Pier,0,0,0.27,16.2,14.5,17.9,200,0,NaN,0,0.76,0.14,551839,534,8.85,12.8,4.9,0.31,0,88593,272183,15.67,25,12.2
2013,6,7,20:00:00,35.17,-120.741,0,Cal Poly Pier,0,0,1.25,2.38,2.26,2.5,200,534,NaN,0,0.22,0.03,27218,534,0.75,0.8,0.7,0.11,0,2668,36291,1.12,25,13.9
2013,6,18,0:30:00,35.17,-120.741,0,Cal Poly Pier,0,0,2.24,3.13,3.14,3.12,200,534,NaN,0,1.17,0.2,5871,0,0.97,0.96,0.98,0.54,0,1067,0,11.51,25,14.4
2013,6,27,16:00:00,35.17,-120.741,0,Cal Poly Pier,0,2135,0.99,9.1,16.6,1.6,200,1067,NaN,2135,3.94,0.17,104070,25084,2.46,4.5,0.41,0.8,534,12809,801607,6.26,25,14.5
2013,7,2,15:45:00,35.17,-120.741,0,Cal Poly Pier,0,0,1.1,4.96,5.06,4.86,200,534,NaN,0,0.39,0.1,13342,8539,1.78,1.74,1.82,0.32,534,36291,391731,2.09,25,13.3
2013,7,11,16:30:00,35.17,-120.741,0,Cal Poly Pier,0,2668,4.63,1.32,1.42,1.23,200,0,NaN,1067,8.25,0.29,7472,8529,0.66,0.72,0.6,1.32,0,534,1067,10.64,25,15.2
2013,7,18,16:30:00,35.17,-120.741,0,Cal Poly Pier,0,0,4.9,2.56,2.42,2.7,200,0,NaN,534,10.85,0.5,4803,1599,0.76,0.7,0.82,1.63,13342,11741,1601,27.48,25,13.3
2013,7,25,16:20:00,35.17,-120.741,0,Cal Poly Pier,0,1601,0.6,4.99,4.02,5.96,200,0,NaN,2668,3.43,0.09,8005,8529,0.74,1.48,2,0.49,412011,350103,3202,3.97,25,14.3
2013,8,1,16:00:00,35.17,-120.741,0,Cal Poly Pier,1066,2665,2.09,4.81,3.82,5.8,200,0,NaN,6397,1.49,0.17,54374,4798,1.65,1.26,2.04,0.53,2132,4265,12794,4.77,25,NaN
2013,8,7,21:45:00,35.17,-120.741,0,Cal Poly Pier,0,1066,0.5,13.9,13.9,13.9,200,0,NaN,1599,0.55,0.13,4265,2132,3.85,3.7,4,0.56,50109,126872,681272,7.43,25,14.8
2013,8,15,16:30:00,35.17,-120.741,0,Cal Poly Pier,0,0,1.26,3.43,3.5,3.36,200,0,NaN,533,0.14,0.05,1066,533,0.96,0.9,1.02,0.12,27720,14393,127405,1.03,25,16
2013,8,21,17:00:00,35.17,-120.741,0,Cal Poly Pier,0,0,1.27,2.3,2.52,2.08,200,0,NaN,0,2.19,0.1,43712,0,0.64,0.74,0.54,0.58,0,0,0,7.8,25,15.3
2013,8,29,17:30:00,35.17,-120.741,0,Cal Poly Pier,0,0,4.72,3.01,2.7,3.32,200,0,NaN,0,5.94,0.32,2132,5864,0.85,0.76,0.94,1.45,0,0,1599,14.32,25,14.1
2013,9,5,18:30:00,35.17,-120.741,0,Cal Poly Pier,0,0,1.76,5.06,5.18,4.94,200,0,NaN,0,1.12,0.13,4798,21856,1.66,1.66,1.66,0.64,0,14393,30918,3.76,25,16.5
2013,9,12,21:00:00,35.17,-120.741,0,Cal Poly Pier,0,0,0.91,6.76,6.54,6.98,200,0,NaN,0,2.44,0.21,294258,19724,1.42,1.54,1.3,0.68,1066,38915,69300,10.38,25,15.8
2013,9,19,18:30:00,35.17,-120.741,0,Cal Poly Pier,0,0,0.36,8.06,8.04,8.08,200,0,NaN,0,3.05,0.25,526147,3198,1.77,1.8,1.74,0.97,0,47977,266005,14.84,25,13.5
2013,9,28,21:00:00,35.17,-120.741,0,Cal Poly Pier,0,0,0.33,12.35,10.9,13.8,200,0,NaN,0,0.47,0.01,309185,14926,2.4,2.3,2.5,0.2,533,268671,579454,1.68,25,NaN
2013,10,5,0:00:00,35.17,-120.741,0,Cal Poly Pier,0,0,1.98,2.66,2.76,2.56,200,0,NaN,0,1.19,0.1,230822,38915,0.7,0.68,0.72,0.67,0,50109,226025,5.67,25,NaN
2013,10,12,18:00:00,35.17,-120.741,0,Cal Poly Pier,0,0,0.64,1.72,1.72,1.72,200,0,NaN,0,0.43,0.09,81561,97020,1.14,1.16,1.12,0.36,0,6397,13860,0.68,25,13.8
2013,10,17,23:00:00,35.17,-120.741,0,Cal Poly Pier,0,0,0.92,2.54,2.5,2.58,200,2665,NaN,0,2,0.2,22922,1599,0.7,0.7,0.7,0.51,3732,2132,0,4.41,25,15.4
2013,10,25,16:15:00,35.17,-120.741,0,Cal Poly Pier,0,0,3.4,4.33,4.6,4.06,200,0,NaN,0,2.87,0.33,533,9062,1.26,1.08,1.44,0.9,533,0,0,12.26,25,14.6
2013,11,2,18:45:00,35.17,-120.741,0,Cal Poly Pier,0,0,2.05,2.73,2.7,2.76,200,0,NaN,0,7.45,0.43,76230,5864,0.62,0.6,0.64,1.12,0,0,9062,15.81,25,14
2013,11,11,21:20:00,35.17,-120.741,0,Cal Poly Pier,0,0,0.9,6.91,7.1,6.72,200,0,NaN,0,0.59,0.13,170585,22922,1.29,1.16,1.42,0.26,1599,0,7463,4.16,25,14.2
2013,11,17,23:30:00,35.17,-120.741,0,Cal Poly Pier,0,0,0.98,6.2,6.6,5.8,200,533,NaN,0,2.4,0.21,0,19724,1.34,1.26,1.42,0.79,0,0,0,13.51,25,NaN
2013,11,25,15:45:00,35.17,-120.741,0,Cal Poly Pier,0,0,1.35,15.5,18.5,12.5,200,0,NaN,0,1.35,0.2,262274,6397,3.75,4.1,3.4,0.73,533,14393,57039,7.71,25,NaN
2013,12,1,20:00:00,35.17,-120.741,0,Cal Poly Pier,0,0,1.34,1.6,1.64,1.56,200,533,NaN,0,0.79,0.14,18125,3732,0.64,0.66,0.62,0.49,533,2132,0,4.86,25,NaN
2013,12,8,23:00:00,35.17,-120.741,0,Cal Poly Pier,0,0,3.03,2.58,2.66,2.5,200,0,NaN,0,8.44,0.31,4798,5864,0.7,0.7,0.7,1.14,1599,0,0,12.89,25,12.7
2013,12,13,20:20:00,35.17,-120.741,0,Cal Poly Pier,0,0,1.5,4.67,4.8,4.54,200,0,NaN,0,11.58,0.49,4265,4798,1.13,1.16,1.1,1.33,2665,0,5331,18.27,25,11.9
2013,12,18,21:10:00,35.17,-120.741,0,Cal Poly Pier,0,0,1.44,8.5,9.5,7.5,200,1066,NaN,0,1.28,0.01,47977,0,2.3,1.9,2.7,0.39,3198,0,0,1.84,25,12.8
2014,1,5,22:15:00,35.17,-120.741,0,Cal Poly Pier,0,0,3.48,1.73,1.82,1.64,200,1066,NaN,0,2.97,0.15,2665,1066,0.54,0.54,0.54,0.65,533,2132,1066,5.63,25,13.6
2014,1,10,19:45:00,35.17,-120.741,0,Cal Poly Pier,0,0,4.16,1.06,1.05,1.06,200,0,NaN,0,12.89,0.23,5864,533,0.53,0.5,0.55,1.41,0,2132,0,12.13,25,13.5
2014,1,17,20:10:00,35.17,-120.741,0,Cal Poly Pier,0,0,1.58,1.2,1.25,1.15,200,0,NaN,0,7.69,0.25,9595,3198,0.57,0.6,0.54,0.88,0,0,0,10.68,25,13
2014,1,24,20:15:00,35.17,-120.741,0,Cal Poly Pier,0,0,2.38,1.34,1.34,1.34,200,533,NaN,0,4.84,0.16,533,1599,0.97,0.94,1,0.67,0,0,0,5.95,25,13.5
2014,1,31,20:40:00,35.17,-120.741,0,Cal Poly Pier,0,0,3.9,1.16,0.93,1.39,200,1066,NaN,0,2.99,0.07,0,5331,0.2,0.67,-0.28,0.83,0,0,0,3.75,25,13
2014,2,17,19:10:00,35.17,-120.741,0,Cal Poly Pier,0,0,3.99,1.48,1.54,1.42,200,0,NaN,0,6.95,0.42,533,533,6.5,6.6,6.4,1.08,0,1599,0,11.62,25,11.9
2014,2,23,21:00:00,35.17,-120.741,0,Cal Poly Pier,0,0,2.84,1.08,1.11,1.04,200,0,NaN,0,10.16,0.29,1066,2132,0.45,0.44,0.46,0.92,0,0,0,12.66,25,13.2
2014,3,2,20:30:00,35.17,-120.741,0,Cal Poly Pier,0,0,4.75,1.46,1.54,1.38,200,0,NaN,0,13.27,0.3,1066,3732,1.79,1.84,1.74,1.5,0,0,0,16.71,25,13.6
2014,3,9,23:15:00,35.17,-120.741,0,Cal Poly Pier,0,0,1.67,2.11,2.08,2.14,200,0,NaN,0,4.75,0.17,3198,2132,0.81,0.8,0.82,0.42,533,0,0,6.79,25,14.5
2014,3,17,16:45:00,35.17,-120.741,0,Cal Poly Pier,0,0,2.73,2.22,2.24,2.2,200,533,NaN,0,6.47,0.09,150328,1599,1.35,1.38,1.32,0.78,533,5331,4265,6.47,25,13.1
2014,3,30,20:20:00,35.17,-120.741,0,Cal Poly Pier,0,0,2.75,4.76,4.44,5.08,200,0,NaN,0,3.95,0.13,347033,4798,3.48,4.42,2.52,0.66,0,0,54374,3.35,25,12.7
2014,4,7,15:35:00,35.17,-120.741,0,Cal Poly Pier,0,0,2.31,2.91,2.76,3.06,200,0,NaN,0,11.29,0.23,382216,1066,1.35,1.28,1.42,1.13,0,19191,37315,12.03,25,12.5
2014,4,14,16:15:00,35.17,-120.741,0,Cal Poly Pier,0,0,4.02,8.45,8.9,8,200,0,NaN,0,12.89,0.27,790553,0,2.75,2.7,2.8,1.13,0,84759,127405,5.36,25,10.9
2014,4,21,16:00:00,35.17,-120.741,0,Cal Poly Pier,0,0,1.56,11.9,12.6,11.2,200,0,NaN,0,6.83,0.05,768697,0,7.5,5.6,9.4,0.69,0,163655,386481,3.69,25,14.1
2014,4,28,16:00:00,35.17,-120.741,0,Cal Poly Pier,0,0,3.85,2.05,1.98,2.12,200,0,NaN,0,17.8,0.36,57039,0,1.54,1.38,1.7,1.52,0,19191,53308,18.48,25,11.2
2014,5,5,16:15:00,35.17,-120.741,0,Cal Poly Pier,0,0,1.07,3.1,3.64,3.57,200,0,NaN,0,1.07,0.01,350764,0,2,1.95,2.05,0.29,0,29319,159390,2.22,25,NaN
2014,5,12,16:15:00,35.17,-120.741,0,Cal Poly Pier,0,0,1.58,13.65,13.6,13.7,200,0,NaN,0,7.49,0.29,882775,0,4.1,4.7,3.5,0.78,0,0,363558,8.83,25,11.6
2014,5,19,16:20:00,35.17,-120.741,0,Cal Poly Pier,0,0,2.65,2.79,2.66,2.92,200,0,NaN,0,2.15,0.02,109814,0,1.07,0.88,1.27,0.45,0,21323,49576,1.37,25,15.9
2014,6,2,17:00:00,35.17,-120.741,0,Cal Poly Pier,0,0,2.01,1.5,1.82,1.17,200,0,NaN,0,1.79,0.22,47977,1066,0.46,0.56,0.36,0.6,0,73565,115145,4.18,25,NaN
2014,6,11,22:00:00,35.17,-120.741,0,Cal Poly Pier,0,0,0.6,7.19,7.04,7.34,200,0,NaN,0,1.94,0.06,260675,3732,0.93,0.92,0.94,0.14,0,47977,212698,0.72,25,NaN
2014,6,25,1:15:00,35.17,-120.741,0,Cal Poly Pier,0,0,0.36,7.13,6.98,7.28,200,0,NaN,0,1.95,0.06,389679,7996,0.57,0.4,0.74,0.15,0,1066,17592,0.62,25,NaN
2014,6,30,23:40:00,35.17,-120.741,0,Cal Poly Pier,0,0,0.4,2.38,2.3,2.46,200,0,NaN,0,1.96,0.05,61837,6930,0.39,0.4,0.38,0.39,0,4265,3732,4.73,25,NaN
2014,7,8,1:30:00,35.17,-120.741,0,Cal Poly Pier,0,0,0.32,7.52,7.4,7.64,200,0,NaN,0,1.97,0.04,314515,13860,3.5,3.52,3.48,0.21,0,0,3732,6.05,25,NaN
2014,7,22,2:00:00,35.17,-120.741,0,Cal Poly Pier,0,0,0.41,5.24,5.14,5.34,200,0,NaN,0,1.92,0.08,49043,21323,1.77,1.84,1.7,0.27,0,0,1066,3.68,25,NaN
2014,7,27,13:50:00,35.17,-120.741,0,Cal Poly Pier,0,0,0.91,7.92,7.62,8.22,200,0,NaN,0,1.81,0.2,43712,50642,3.13,3.46,2.8,0.67,0,0,3732,9.14,25,NaN
2014,8,5,20:30:00,35.17,-120.741,0,Cal Poly Pier,0,0,0.41,2.45,2.6,2.3,200,0,NaN,0,1.97,0.04,10128,13327,0.51,0.52,0.5,0.33,0,1066,0,5.98,25,NaN
2014,8,12,0:05:00,35.17,-120.741,0,Cal Poly Pier,0,0,1.37,4.96,4.82,5.1,200,0,NaN,0,1.82,0.19,50109,12261,1.59,1.52,1.66,0.44,0,27720,0,7.82,25,NaN
2014,8,18,15:15:00,35.17,-120.741,0,Cal Poly Pier,0,0,0.26,5.13,5.48,4.78,200,0,NaN,0,1.9,0.11,20257,4265,1.39,1.52,1.26,0.51,0,0,2132,2.83,25,NaN
2014,8,27,2:15:00,35.17,-120.741,0,Cal Poly Pier,0,0,0.4,5.72,4.64,6.8,200,0,NaN,0,1.87,0.14,59172,21323,1.69,1.38,2,0.65,0,1599,1066,9.15,25,NaN
2014,9,1,15:00:00,35.17,-120.741,0,Cal Poly Pier,0,0,0.64,2.97,3.02,2.92,200,0,NaN,0,1.88,0.13,2665,14926,1.09,1.12,1.06,0.44,0,0,0,5.62,25,NaN
2014,9,8,23:45:00,35.17,-120.741,0,Cal Poly Pier,0,0,1.61,10.2,8.9,11.5,200,0,NaN,0,0.29,0.05,24522,24522,2.25,2.1,2.4,0.52,0,0,0,13.42,25,NaN
2014,9,15,18:45:00,35.17,-120.741,0,Cal Poly Pier,0,0,1.35,2.36,2.34,2.38,200,0,NaN,0,1.98,0.03,26121,3198,0.61,0.66,0.56,0.63,0,8529,0,9.94,25,NaN
2014,9,21,21:40:00,35.17,-120.741,0,Cal Poly Pier,0,0,0.85,6.08,5.9,6.26,200,0,NaN,0,0.36,0.09,20790,45312,1.45,1.48,1.42,0.4,0,0,0,7,25,NaN
2014,9,29,20:20:00,35.17,-120.741,0,Cal Poly Pier,0,0,0.49,1.57,1.68,1.45,200,0,NaN,0,3.65,0.29,14393,9062,0.4,0.42,0.37,0.64,0,0,0,11.23,25,NaN
2014,10,7,1:40:00,35.17,-120.741,0,Cal Poly Pier,0,0,1.63,2.43,2.42,2.44,200,0,NaN,0,1.18,0.01,533,26654,0.57,0.56,0.58,0.31,0,0,3198,2.46,25,NaN
2014,10,13,2:00:00,35.17,-120.741,0,Cal Poly Pier,0,0,1.8,5.51,6.25,4.76,200,0,NaN,0,0.94,0.18,0,31985,2.09,2.4,1.78,0.66,0,0,0,11.89,25,NaN
2014,10,21,1:45:00,35.17,-120.741,0,Cal Poly Pier,0,0,1.2,5.4,7.39,3.4,200,0,NaN,0,0.38,0.03,9062,36782,1.78,2.42,1.13,0.25,0,0,17058,4.66,25,NaN
2014,10,27,0:30:00,35.17,-120.741,0,Cal Poly Pier,0,0,3.02,3.03,2.89,3.17,200,0,NaN,0,2.37,0.6,11195,4798,1.5,1.44,1.56,0.89,0,0,3198,13.71,25,NaN
2014,11,4,1:00:00,35.17,-120.741,0,Cal Poly Pier,0,0,0.84,5.99,5.54,6.44,200,0,NaN,0,1.29,0.12,2132,20790,1.72,1.72,1.72,0.4,0,0,0,4.95,25,NaN
2014,11,11,1:20:00,35.17,-120.741,0,Cal Poly Pier,0,0,1.65,6.53,6.79,6.27,200,0,NaN,0,1.73,0.1,12794,7463,2.34,2.02,2.66,0.6,0,0,0,6.02,25,NaN
2014,11,16,19:05:00,35.17,-120.741,0,Cal Poly Pier,0,0,1.15,2.53,2.52,2.54,200,0,NaN,0,1.56,0.24,533,9595,0.73,0.72,0.74,0.5,0,0,0,10.02,25,NaN
2014,11,23,23:20:00,35.17,-120.741,0,Cal Poly Pier,0,0,2.3,2.91,3.12,2.7,200,0,NaN,0,2.27,0.19,0,14926,0.44,0.46,0.42,0.58,0,0,0,7.91,25,NaN
2014,12,1,0:00:00,35.17,-120.741,0,Cal Poly Pier,0,0,1.36,0.55,0.93,1.8,200,0,NaN,0,1.69,0.25,3732,2665,0.64,0.72,1.37,0.42,0,0,0,9.28,25,NaN
2014,12,7,17:00:00,35.17,-120.741,0,Cal Poly Pier,0,0,1.51,3.04,3,3.08,200,0,NaN,0,0.69,0.1,533,31452,0.51,0.46,0.56,0.36,2132,0,533,5.21,25,NaN
2014,12,14,18:00:00,35.17,-120.741,0,Cal Poly Pier,0,0,3.35,1.1,1.08,1.12,200,0,NaN,0,2.74,0.4,533,6397,0.77,0.77,0.77,0.76,0,0,0,8.16,25,NaN
2014,12,22,0:45:00,35.17,-120.741,0,Cal Poly Pier,0,0,NaN,0.94,0.99,0.9,200,0,NaN,0,NaN,NaN,1066,3197,0.72,0.75,0.7,NaN,1,0,0,NaN,25,NaN
2014,12,28,16:30:00,35.17,-120.741,0,Cal Poly Pier,0,0,42.96,0.83,11.4,10.6,200,0,NaN,0,2.94,0.23,4798,3197,0.53,0.55,0.52,0.63,1,0,0,4.4,25,NaN
2015,1,5,1:00:00,35.17,-120.741,0,Cal Poly Pier,0,0,10.77,1.23,1.2,1.25,200,0,NaN,0,10.5,0.6,21323,2130,0.4,0.4,0.4,1.04,2,0,1066,12.29,25,NaN
2015,1,11,17:15:00,35.17,-120.741,0,Cal Poly Pier,0,0,5.95,1.29,1.17,1.42,200,0,NaN,0,4.39,0.3,86892,5328,0.43,0.39,0.46,0.64,3,0,0,7.97,25,NaN
2015,1,18,23:00:00,35.17,-120.741,0,Cal Poly Pier,0,1066,8.2,2.82,2.68,2.96,200,0,NaN,3732,9.23,0.12,2665,21856,0.51,0.44,0.58,0.82,4265,0,0,5,25,15
2015,1,28,18:30:00,35.17,-120.741,0,Cal Poly Pier,0,0,24.61,1.51,1.39,1.62,200,0,NaN,0,7.39,0.12,3732,0,0.5,0.5,0.5,0.6,533,0,0,5.19,25,10.2
2015,2,4,1:30:00,35.17,-120.741,0,Cal Poly Pier,0,0,2.01,2.8,2.58,3.02,200,0,NaN,0,9.67,0.23,6930,2132,0.73,0.8,0.66,1.05,0,0,0,9.89,25,13
2015,2,8,18:30:00,35.17,-120.741,0,Cal Poly Pier,0,0,8.38,2.78,2.92,2.64,200,1066,NaN,0,7.02,0.41,3732,0,0.84,0.86,0.82,0.87,0,0,0,10.88,25,12.5
2015,2,17,1:30:00,35.17,-120.741,0,Cal Poly Pier,0,0,20.98,2.04,2.26,1.82,200,0,NaN,0,6.54,0.41,1599,0,0.52,0.66,0.38,0.99,2132,0,0,6.4,25,12.5
2015,2,22,8:00:00,35.17,-120.741,0,Cal Poly Pier,0,0,5.46,1.53,1.28,1.78,200,0,NaN,0,1.33,0.17,1066,2665,0.48,0.44,0.52,0.45,533,0,0,6.23,25,11
2015,3,3,1:30:00,35.17,-120.741,0,Cal Poly Pier,0,0,1.61,2.2,2.34,2.06,200,0,NaN,0,4.38,0.41,3198,1337,0.64,0.7,0.58,0.65,533,0,0,8.48,25,11
2015,3,10,3:00:00,35.17,-120.741,0,Cal Poly Pier,0,0,7.89,3.18,3.6,2.76,200,0,NaN,0,4.53,0.16,231888,2132,0.74,0.88,0.6,0.53,533,0,0,8.93,25,12.2
2015,3,16,1:00:00,35.17,-120.741,0,Cal Poly Pier,0,0,3.81,2.64,2.5,2.78,200,0,NaN,0,1.37,0.06,299056,1599,0.8,0.8,0.8,0.37,1066,0,1599,3.77,25,13
2015,3,22,7:00:00,35.17,-120.741,0,Cal Poly Pier,0,0,NaN,4.65,4.82,4.48,200,0,NaN,0,NaN,NaN,11728,3732,0.78,0.74,0.82,NaN,0,0,0,NaN,25,11.3
2015,3,22,18:00:00,35.17,-120.741,0,Cal Poly Pier,0,0,NaN,4.65,4.82,4.48,200,0,NaN,0,NaN,NaN,11728,3732,0.78,0.74,0.82,NaN,0,0,0,NaN,25,11.3
2015,3,29,1:00:00,35.17,-120.741,0,Cal Poly Pier,0,0,NaN,5.75,5.84,5.66,200,0,NaN,0,NaN,NaN,12261,12794,1,1,1,NaN,0,0,0,NaN,25,14.7
2015,4,5,19:50:00,35.17,-120.741,0,Cal Poly Pier,0,0,NaN,2.36,2.32,2.4,200,0,NaN,0,NaN,NaN,244682,1599,0.49,0.44,0.54,NaN,0,0,533,NaN,25,11.7
2015,4,12,1:00:00,35.17,-120.741,0,Cal Poly Pier,0,0,2.62,23.65,21.2,26.1,200,0,NaN,0,14.67,0.4,1190890,1066,11.35,10.4,12.3,1.22,0,3732,14926,17.78,25,13.2
2015,4,19,19:30:00,35.17,-120.741,0,Cal Poly Pier,0,0,0.61,2.55,2.46,2.64,200,0,NaN,0,2.9,0.03,516551,2132,0.81,0.82,0.8,0.16,0,16525,15459,0.48,25,13.5
2015,4,28,1:30:00,35.17,-120.741,0,Cal Poly Pier,0,0,1.47,5.62,4.14,7.1,200,0,NaN,0,3.9,0.2,263873,4265,2.3,1.7,2.9,0.38,0,36249,50109,0.43,25,14.1
2015,5,3,20:00:00,35.17,-120.741,0,Cal Poly Pier,0,0,8.54,2.34,2.18,2.5,200,0,NaN,0,1.74,0.12,335305,1066,0.76,0.82,0.7,0.32,0,20790,0,0.28,25,15.2
2015,5,11,0:15:00,35.17,-120.741,0,Cal Poly Pier,0,0,2.87,1.16,1.03,1.3,200,0,NaN,0,0.47,0.04,93288,1599,0.13,0.12,0.14,0.1,0,1599,0,2.23,25,15.1
2015,5,17,18:00:00,35.17,-120.741,0,Cal Poly Pier,0,0,10.33,11.15,11.4,10.9,200,0,NaN,0,6.57,0.33,642891,2665,1.9,1.9,1.9,0.79,0,11728,1599,8.84,25,13.5
2015,5,26,15:10:00,35.17,-120.741,0,Cal Poly Pier,0,0,3.38,14.65,13.9,15.4,200,0,NaN,0,1.53,0.11,527746,0,3.1,3.3,2.9,0.36,1599,0,6397,9.02,25,12.6
2015,6,1,21:00:00,35.17,-120.741,0,Cal Poly Pier,0,2655,18.4,9.1,9.3,8.9,200,0,NaN,0,5.7,0.32,390745,2132,3.95,5.5,2.4,1.03,1066,0,0,14.4,25,14.1
2015,6,8,17:00:00,35.17,-120.741,0,Cal Poly Pier,0,3732,10.1,9.1,9.3,8.9,200,533,NaN,1066,1.64,0.16,571458,18658,2,2,2,0.65,0,4265,0,5.62,25,15
2015,6,15,18:00:00,35.17,-120.741,0,Cal Poly Pier,0,7463,19.8,5.45,5.1,5.8,200,4798,NaN,533,4.1,0.33,76238,12794,1.43,1.42,1.44,0.76,0,0,9595,9.97,25,15.6
2015,6,22,15:45:00,35.17,-120.741,0,Cal Poly Pier,0,9595,8.81,6.23,6.26,6.18,200,0,NaN,0,3.34,0.29,57039,1066,2.05,2.04,2.06,0.45,0,0,9595,10.8,25,14
2015,6,26,21:45:00,35.17,-120.741,0,Cal Poly Pier,0,0,21.7,3.92,3.88,3.96,200,0,NaN,0,4.39,0.42,1066,3732,0.57,0.44,0.7,1,0,6397,0,24.3,25,14
2015,7,13,16:30:00,35.17,-120.741,0,Cal Poly Pier,0,4265,8.7,6.84,5.74,0.07,200,0,NaN,0,0.45,0.2,533,4265,0.54,0.5,0.58,0.25,533,46378,0,19.4,25,17.9
2015,7,20,16:30:00,35.17,-120.741,0,Cal Poly Pier,0,11728,3.45,5.28,5.82,4.74,200,5331,NaN,3732,1.4,0.01,0,60771,1.2,1.18,1.22,0.34,4264,0,0,7.35,25,17.8
2015,7,27,16:45:00,35.17,-120.741,0,Cal Poly Pier,0,533,32.9,3.37,3.18,3.56,200,1066,NaN,0,5.19,0.12,0,12794,0.95,0.9,1,0.93,6930,0,0,8.78,25,17.9
2015,8,4,17:15:00,35.17,-120.741,0,Cal Poly Pier,0,1066,2.6,2.99,3.04,2.94,200,1066,NaN,533,2.83,0.18,0,12261,0.9,0.82,0.98,0.33,3732,0,0,9.69,25,17.8
2015,8,11,16:00:00,35.17,-120.741,0,Cal Poly Pier,0,28253,4.84,3.19,3.06,3.32,200,2132,NaN,533,3,0.21,0,15992,1.04,1.14,0.94,0.47,122608,0,0,12.6,25,18.4
2015,8,17,7:00:00,35.17,-120.741,0,Cal Poly Pier,0,5331,1.89,3.77,4.22,3.32,200,533,NaN,533,2.55,0.19,533,7996,1.23,1.2,1.26,0.41,73032,0,0,17.2,25,19.1
2015,8,23,17:45:00,35.17,-120.741,0,Cal Poly Pier,0,32518,6.05,4.75,4.64,4.86,200,1599,NaN,0,2.06,0.42,1599,23455,0.88,0.8,0.96,0.59,15459,0,0,11.1,25,18.4
2015,8,30,16:20:00,35.17,-120.741,0,Cal Poly Pier,0,26121,9.16,6.22,6.38,6.06,200,3198,NaN,0,1.62,0.08,0,12794,2.25,2.36,2.14,0.47,17592,0,0,12.4,25,18.7
2015,9,7,17:10:00,35.17,-120.741,0,Cal Poly Pier,0,3732,3.67,2.22,2.08,2.36,200,533,NaN,0,3.21,0.38,0,3731,1.49,1.48,1.5,0.55,533,0,0,13.9,25,17.6
2015,9,13,18:10:00,35.17,-120.741,0,Cal Poly Pier,0,28253,6.38,7.71,7.74,7.68,200,0,NaN,1599,5.31,0.56,9595,2665,2.3,2.1,2.5,0.98,22389,0,0,22.9,25,20.5
2015,9,21,14:30:00,35.17,-120.741,0,Cal Poly Pier,0,3198,7.37,5.51,5.44,5.58,200,1066,NaN,533,3.59,0.27,18125,6930,1.82,1.86,1.78,0.69,2665,0,0,16.4,25,19.2
2015,9,28,15:00:00,35.17,-120.741,0,Cal Poly Pier,0,1066,5.95,4.52,6.42,2.62,200,0,NaN,0,0.5,0.06,0,1599,1.5,1.9,1.1,0.47,0,0,0,8.93,25,20.2
2015,10,5,15:10:00,35.17,-120.741,0,Cal Poly Pier,0,4265,1.92,4.8,4.54,5.06,200,0,NaN,0,1.5,0.21,31452,5331,1.58,1.7,1.46,0.58,8529,0,0,12.9,25,17.3
2015,10,12,7:00:00,35.17,-120.741,0,Cal Poly Pier,0,3732,NaN,2.46,2.32,2.6,200,533,NaN,533,NaN,NaN,11728,5331,0.82,0.82,0.82,NaN,3732,0,0,NaN,25,18.8
2015,10,12,15:30:00,35.17,-120.741,0,Cal Poly Pier,0,3732,1.25,2.46,2.32,2.6,200,533,NaN,533,3.26,0.13,11728,5331,0.82,0.82,0.82,0.69,3732,0,0,24.8,25,18.8
2015,10,19,15:05:00,35.17,-120.741,0,Cal Poly Pier,0,0,2.22,5.94,5.96,5.92,200,0,NaN,2665,2.99,0.22,12261,9595,1.84,2.1,1.58,0.56,14393,0,0,17.6,25,18.5
2015,10,27,15:50:00,35.17,-120.741,0,Cal Poly Pier,0,0,1.88,3.78,3.92,3.64,200,0,NaN,0,3.69,0.37,23988,5331,1.4,1.42,1.38,0.64,7996,0,0,24.6,25,17.8
2015,11,3,16:45:00,35.17,-120.741,0,Cal Poly Pier,0,0,5.73,2.72,2.62,2.82,200,0,NaN,0,10.14,0.46,41047,2665,1.16,1.14,1.18,1.13,1599,0,0,18.13,25,16.1
2015,11,10,17:00:00,35.17,-120.741,0,Cal Poly Pier,0,0,2.24,6.96,7,6.92,200,0,NaN,0,6.66,0.66,168985,5331,2.22,2.32,2.12,0.86,3198,8529,0,18.62,25,15.4
2015,11,17,8:00:00,35.17,-120.741,0,Cal Poly Pier,0,0,1.87,1.19,1.16,1.22,200,0,NaN,0,3.38,0.98,3732,0,1.14,1.16,1.12,0.94,0,0,0,10.78,25,14.5
2015,11,23,16:35:00,35.17,-120.741,0,Cal Poly Pier,0,0,2.7,2.86,2.84,2.88,200,0,NaN,0,2.25,0.36,64502,533,0.82,0.84,0.8,0.55,0,0,0,10.68,25,14.5
2015,11,30,16:30:00,35.17,-120.741,0,Cal Poly Pier,0,0,1.33,1.96,1.94,1.98,200,0,NaN,0,2.86,0.17,27720,0,0.88,0.84,0.92,0.65,0,0,0,12.74,25,14.3
2015,12,8,8:00:00,35.17,-120.741,0,Cal Poly Pier,0,0,0.89,1.58,1.64,1.52,200,0,NaN,0,3.21,0.19,1066,0,0.81,0.86,0.76,0.59,0,0,0,10.98,25,16
2015,12,14,18:25:00,35.17,-120.741,0,Cal Poly Pier,0,0,1.9,1.33,1.52,1.14,200,0,NaN,0,4.7,0.4,5331,0,0.97,1.1,0.85,0.74,533,0,0,13.33,25,15.1
2015,12,22,8:00:00,35.17,-120.741,0,Cal Poly Pier,0,0,2.69,1.58,1.54,1.62,200,0,NaN,0,3.23,0.32,14393,0,0.67,0.74,0.6,0.78,0,1599,0,7.52,25,14.7
2015,12,28,23:00:00,35.17,-120.741,0,Cal Poly Pier,0,0,2.92,1.77,1.68,1.86,200,0,NaN,0,13.4,0.2,5331,0,0.69,0.72,0.66,0.44,0,0,0,9.57,25,13.8
2016,1,5,8:00:00,35.17,-120.741,0,Cal Poly Pier,0,0,22.05,4.4,4.52,4.28,200,0,NaN,0,10.72,0.28,177277,0,1.82,1.76,1.88,1.03,0,9062,0,9.24,25,14.8
2016,1,12,8:00:00,35.17,-120.741,0,Cal Poly Pier,0,0,1.14,0.94,0.93,0.95,200,0,NaN,0,2.93,0.13,9062,1066,1.03,1.06,1.01,0.57,0,0,0,5.32,25,12
2016,1,19,16:10:00,35.17,-120.741,0,Cal Poly Pier,0,0,2.84,1.43,1.46,1.4,200,0,NaN,0,6.91,0.35,0,5331,1.28,1.2,1.36,0.93,0,0,0,13.92,25,13.8
2016,1,26,16:30:00,35.17,-120.741,0,Cal Poly Pier,0,0,2.3,1.33,1.36,1.26,200,0,NaN,0,4.55,0.17,1066,2132,0.82,0.88,0.76,0.74,0,0,0,9.08,25,13.7
2016,2,2,16:30:00,35.17,-120.741,0,Cal Poly Pier,0,0,2.85,0.77,0.79,0.76,200,0,NaN,0,11.36,0.34,3198,1599,0.9,0.88,0.92,1.2,0,0,0,17.35,25,12.1
2016,2,9,16:45:00,35.17,-120.741,0,Cal Poly Pier,0,0,1.14,2.22,2.88,2.36,200,0,NaN,0,26.26,0.44,52775,533,1.2,1.3,1.1,2.2,0,0,0,27.83,25,11.8
2016,2,17,17:55:00,35.17,-120.741,0,Cal Poly Pier,0,0,1.49,1.8,1.88,1.72,200,0,NaN,0,12.2,0.3,12261,0,0.59,0.6,0.58,1.17,0,0,0,14.99,25,12.7
2016,2,23,16:20:00,35.17,-120.741,0,Cal Poly Pier,0,533,1.21,1.83,1.88,1.78,200,0,NaN,0,8.04,0.17,2665,3198,0.72,0.76,0.68,0.78,0,0,0,16.27,25,12.5
2016,3,1,16:10:00,35.17,-120.741,0,Cal Poly Pier,0,0,1.87,2,2,2,200,0,NaN,0,8.65,0.23,6397,2665,1.62,1.66,1.58,0.97,0,0,0,18.72,25,14.4
2016,3,8,16:30:00,35.17,-120.741,0,Cal Poly Pier,0,2132,1.84,1.35,1.24,1.46,200,0,NaN,0,5.37,0.34,15459,0,3.1,3.04,3.16,0.71,0,0,0,10.58,25,NaN
2016,3,16,16:20:00,35.17,-120.741,0,Cal Poly Pier,0,0,2.3,1.17,1.16,1.18,200,0,NaN,0,7.14,0.63,7463,0,1.18,1.2,1.16,1.01,0,0,533,15.68,25,14.1
2016,3,20,17:30:00,35.17,-120.741,0,Cal Poly Pier,0,0,1.75,6.35,6.42,6.28,200,0,NaN,0,16.81,0.49,421131,0,2.22,2.64,1.8,1.38,0,28786,0,20.58,25,10.9
2016,3,22,15:50:00,35.17,-120.741,0,Cal Poly Pier,0,1066,2.32,3.52,3.44,3.6,200,0,NaN,0,20.09,0.41,12108,0,2.36,2.26,2.46,2.02,0,0,0,27.15,25,13
2016,4,5,15:45:00,35.17,-120.741,0,Cal Poly Pier,0,533,0.56,4.83,4.9,4.76,200,0,NaN,0,18.96,0.34,524014,0,2.84,3.1,2.58,1.41,0,0,0,21.95,25,12.9
2016,4,12,16:10:00,35.17,-120.741,0,Cal Poly Pier,0,10662,NaN,2.36,2.44,2.28,200,1599,NaN,0,NaN,NaN,125806,533,1.05,1.06,1.04,NaN,0,0,0,NaN,25,13.6
2016,4,20,15:00:00,35.17,-120.741,0,Cal Poly Pier,0,1599,NaN,2.28,2.48,2.2,200,1066,NaN,0,NaN,NaN,533,2665,1.01,1.02,1,NaN,0,0,0,NaN,25,13.7
2016,4,26,15:50:00,35.17,-120.741,0,Cal Poly Pier,0,3732,NaN,1.91,1.82,2,200,533,NaN,0,NaN,NaN,94888,2132,2.72,2.72,2.72,NaN,0,4798,2665,NaN,25,11.1
2016,5,3,16:00:00,35.17,-120.741,0,Cal Poly Pier,0,0,NaN,3.86,3.9,3.82,200,0,NaN,0,NaN,NaN,157791,1066,1.39,1.4,1.38,NaN,0,0,533,NaN,25,11.6
2016,5,10,7:00:00,35.17,-120.741,0,Cal Poly Pier,0,16525,NaN,4.09,4.06,4.12,200,3198,NaN,533,NaN,NaN,211631,6397,1.48,1.32,1.64,NaN,1066,0,11946,NaN,25,14.8
2016,5,17,15:45:00,35.17,-120.741,0,Cal Poly Pier,0,0,NaN,3.29,3.32,3.24,200,0,NaN,0,NaN,NaN,80495,1599,1.46,1.42,1.5,NaN,0,0,225491,NaN,25,13.4
2016,5,24,16:00:00,35.17,-120.741,0,Cal Poly Pier,0,533,NaN,12.1,11.9,12.3,200,0,NaN,0,NaN,NaN,642357,3732,2.95,2.9,3,NaN,0,0,420598,NaN,25,12.8
2016,5,31,16:30:00,35.17,-120.741,0,Cal Poly Pier,0,0,NaN,4.39,4.18,4.6,200,0,NaN,0,NaN,NaN,71965,6397,1.72,1.62,1.82,NaN,0,7996,19191,NaN,25,13.4
2016,6,8,16:00:00,35.17,-120.741,0,Cal Poly Pier,0,0,NaN,5.85,6,5.6,200,0,NaN,0,NaN,NaN,6397,3198,1.04,1.14,0.94,NaN,533,0,38915,NaN,25,15.1
2016,6,15,16:20:00,35.17,-120.741,0,Cal Poly Pier,0,0,NaN,6.11,5.98,6.24,200,533,NaN,0,NaN,NaN,5331,5331,2.06,2.14,1.98,NaN,0,18125,164721,NaN,25,14.1
2016,6,21,16:25:00,35.17,-120.741,0,Cal Poly Pier,0,0,NaN,12.65,12,13.3,200,533,NaN,0,NaN,NaN,372621,2665,1.45,0.9,2,NaN,0,7996,169172,NaN,25,15.7
2016,6,28,16:25:00,35.17,-120.741,0,Cal Poly Pier,0,0,NaN,10.05,9.3,10.8,200,0,NaN,0,NaN,NaN,95954,3198,1.95,1.9,2,NaN,0,23988,46911,NaN,25,15.1
2016,7,5,17:00:00,35.17,-120.741,0,Cal Poly Pier,0,0,NaN,2.84,2.98,2.7,200,0,NaN,0,NaN,NaN,28253,3732,0.67,0.7,0.64,NaN,0,18125,0,NaN,25,15.4
2016,7,12,17:30:00,35.17,-120.741,0,Cal Poly Pier,0,533,NaN,7.18,6.98,7.38,200,0,NaN,0,NaN,NaN,139133,4798,0.95,1.28,0.62,NaN,0,0,0,NaN,25,16.8
2016,7,20,17:40:00,35.17,-120.741,0,Cal Poly Pier,0,0,NaN,1.84,1.88,1.8,200,0,NaN,0,NaN,NaN,7996,3198,0.55,0.52,0.58,NaN,1066,0,0,NaN,25,15
2016,7,24,18:40:00,35.17,-120.741,0,Cal Poly Pier,0,0,NaN,4.97,4.96,4.98,200,0,NaN,0,NaN,NaN,68234,1599,0.85,0.82,0.88,NaN,0,0,0,NaN,25,16.6
2016,7,31,20:00:00,35.17,-120.741,0,Cal Poly Pier,0,0,NaN,2.96,3.24,2.68,200,1599,NaN,0,NaN,NaN,219628,6930,0.65,0.64,0.66,NaN,533,0,0,NaN,25,15
2016,8,7,20:10:00,35.17,-120.741,0,Cal Poly Pier,0,0,NaN,2.4,2.2,2.6,200,2132,NaN,0,NaN,NaN,0,21323,0.59,0.6,0.58,NaN,4265,0,0,NaN,25,15.5
2016,8,14,20:30:00,35.17,-120.741,0,Cal Poly Pier,0,0,NaN,5.73,5.58,5.88,200,0,NaN,0,NaN,NaN,157791,4798,1.11,1.06,1.16,NaN,533,41580,0,NaN,25,15
2016,8,22,17:45:00,35.17,-120.741,0,Cal Poly Pier,0,2132,NaN,6.41,5.86,6.96,200,5331,NaN,0,NaN,NaN,18125,11728,1.58,1.44,1.72,NaN,2665,0,0,NaN,25,14.8
2016,8,23,5:45:00,35.17,-120.741,0,Cal Poly Pier,0,2132,NaN,6.41,5.86,6.96,200,5331,NaN,0,NaN,NaN,18125,11728,1.58,1.44,1.72,NaN,2665,0,0,NaN,25,14.8
2016,9,5,18:30:00,35.17,-120.741,0,Cal Poly Pier,0,0,NaN,3.79,3.84,3.74,200,2132,NaN,0,NaN,NaN,58638,2132,0.85,0.9,0.8,NaN,14393,0,0,NaN,25,15
2016,9,11,19:00:00,35.17,-120.741,0,Cal Poly Pier,0,0,NaN,10.4,10.7,10.1,200,1599,NaN,533,NaN,NaN,0,14926,1.55,1.5,1.6,NaN,137534,0,0,NaN,25,15
2016,9,21,18:20:00,35.17,-120.741,0,Cal Poly Pier,0,7463,NaN,7.16,7.5,6.82,200,5864,NaN,0,NaN,NaN,0,28253,1.26,1.06,1.46,NaN,144997,0,0,NaN,25,16
2016,9,27,4:45:00,35.17,-120.741,0,Cal Poly Pier,0,10662,NaN,4.17,4.14,4.2,200,533,NaN,0,NaN,NaN,10128,14926,0.74,0.7,0.78,NaN,27720,0,0,NaN,25,14.5
2016,10,3,17:15:00,35.17,-120.741,0,Cal Poly Pier,0,51708,NaN,17.5,14.7,20.3,200,6397,NaN,0,NaN,NaN,6397,150861,2.55,1.9,3.2,NaN,115145,3198,0,NaN,25,14
2016,10,10,17:25:00,35.17,-120.741,0,Cal Poly Pier,0,10128,NaN,19.8,23.1,16.5,200,1066,NaN,0,NaN,NaN,0,54374,5.5,2.8,8.2,NaN,20790,0,0,NaN,25,15.3
2016,10,17,17:30:00,35.17,-120.741,0,Cal Poly Pier,0,16525,NaN,43.8,38.6,49,100,4265,NaN,0,NaN,NaN,0,835331,5.1,3.8,6.4,NaN,10662,0,0,NaN,25,16.8
2016,10,25,17:45:00,35.17,-120.741,0,Cal Poly Pier,0,20257,NaN,12.55,14.4,10.7,200,2665,NaN,0,NaN,NaN,533,200970,1.7,2.2,1.2,NaN,7463,0,0,NaN,25,15.9
2016,10,31,18:00:00,35.17,-120.741,0,Cal Poly Pier,0,0,NaN,49.4,39.6,59.2,100,8530,NaN,0,NaN,NaN,0,2166670,6.6,4,9.2,NaN,38386,0,0,NaN,25,16.4
2016,11,7,17:45:00,35.17,-120.741,0,Cal Poly Pier,0,0,NaN,23.3,23,23.6,100,4265,NaN,0,NaN,NaN,0,894503,2.7,2.6,2.8,NaN,5864,0,1599,NaN,25,15.9
2016,11,14,18:10:00,35.17,-120.741,0,Cal Poly Pier,0,12795,NaN,0,28.6,25.8,100,0,NaN,0,NaN,NaN,0,1603680,2.3,3,27.2,NaN,25591,0,0,NaN,25,14.7
